,Ent,Ent,Ent,Ent,Ent,Ent,Ent,Ent,Ent,Ent,Ent,Ent,Ent,Ent,St,St,St,St,St,St,St,St,Ps,Ps,Ps,Ps,Ps,Ps,Ps,Ps,Ps,MM,Pm,Pm,Pm,Pm,Pm,Pm,Pm,Pm,Pm,Pm,KECS,KECS,KECS,KECS,KECS,KECS,KECS,KECS,KECS,Ecoli,Ecoli,Ecoli,Ecoli,Ecoli,Ecoli,Ecoli,Ecoli,Ecoli,Ecoli,Ecoli,Ecoli,Ecoli,Ecoli,Ecoli,Ecoli,Ecoli,Ecoli,Ecoli,Ecoli,Ecoli
Ecoli,0.792112943299,0.412002625232,1.20812277129,0.368907203864,0.613105097886,0.341795258455,0.401012074722,0.763292267991,0.16741974088,0.691308140562,0.855546942958,0.434125966866,0.509295253346,0.125807993817,0.656286236959,0.553151510873,0.520834032141,1.35148702866,0.442046957907,0.870043254335,0.412140577501,0.0576742030201,0.447855024796,0.0217151110582,0.0196887972884,0.0874225174598,0.0316405174632,0.0442658496379,0.0746110598696,0.0690544029272,0.02116581538,0.148266631288,-0.38053274865,0.0187259694767,-0.0174771596931,0.0232150337033,0.0618737237167,0.00569893020513,0.0427535997691,-0.132177498125,0.0240626581131,0.0411303309797,0.0763175007751,-0.0764499925437,0.00188891487649,0.0522967707367,0.076616722606,0.0269804325577,-0.021919353381,0.0986210564347,-0.0369183009397,0.0504576303176,0.000327646318082,0.120498722616,-0.0175044732762,-0.0389137850605,0.0322155611921,0.0795159227929,0.121249996574,-0.0685654021507,0.184903553902,-0.0679202005756,0.00454575239431,0.0773236605669,0.0300057897064,-0.00226341960263,0.0305195056667,-0.0371974150022,0.150964093765,0.193195553346,0.0514467276161,0.0134433321259
Ecoli,0.492500234816,1.21456505782,0.678118869059,0.424427840308,0.658726787413,0.668639300905,0.724328743083,0.951509293245,0.301161293205,0.751557305128,0.966393139437,0.667471770182,0.954072795282,0.576845865363,0.456049978289,0.649327886121,0.390301452127,1.33090489941,0.323687212533,0.966232955977,-0.141166212401,-0.0655426410973,0.402915928375,-0.0645574759839,-0.0856135435051,0.0160547303435,-0.0741772083966,-0.0546101363998,-0.0508743926654,-0.0962261061368,-0.0694503511148,0.252704372971,-0.408364783105,-0.106951102192,-0.175638069138,-0.157538165885,-0.112293672318,-0.151669294346,-0.157162746549,-0.218188696905,-0.125895591129,-0.142324879394,-0.0543812150056,-0.106630176892,-0.0918321053239,-0.0554038575039,-0.0423155155177,-0.128913158816,-0.00324814953074,-0.0476943048427,-0.122801574985,-0.110079197815,-0.214074759893,-0.0735080352288,-0.206172047968,-0.132523592055,-0.0868259905384,-0.0443074993409,-0.0360953804973,-0.198431938904,-0.0738401972394,-0.200974693887,-0.233351248033,-0.123145829766,-0.0826846562149,0.123707672506,-0.213232156863,-0.20069483242,0.0867765994315,0.0150526384496,-0.157919733796,-0.176946627641
Ecoli,0.564025422618,0.243737081451,1.03075662746,0.493270714059,0.625946933504,0.0124117545085,0.230401548215,0.842625289482,0.0267637346283,0.682144775471,0.802932049317,0.705584860937,0.633743984374,0.158921310821,0.507869699323,0.142968101497,0.0998472354204,0.841180300503,0.0513060443063,0.409617607868,0.365728843414,-0.315649980304,-0.17583215856,-0.191103945317,-0.206479926418,-0.180697456359,-0.240012383399,-0.257118610002,-0.258128836569,-0.254305892537,-0.254388557148,-0.179480759682,-0.403987135847,-0.333078332435,-0.244184786118,-0.308343919171,-0.0800301877519,-0.171454711415,-0.215886795374,-0.440802840598,-0.237518604077,-0.249031868162,-0.203537413909,-0.256483773496,-0.193331783498,-0.320607452462,-0.203107764927,-0.375401845749,-0.393206082956,-0.279722672682,-0.314052618986,-0.196414720541,-0.289075763188,-0.366707776338,-0.362859687239,-0.394886153098,-0.306602405084,-0.160135255061,-0.338993542443,-0.334681636703,-0.480466268266,-0.359410969159,-0.417711201358,-0.319351276292,-0.324377979878,-0.416139138419,-0.320703804386,-0.335821468417,-0.776485899114,-0.579294061364,-0.393641508167,-0.338667905339
Ecoli,0.644078882715,0.30618746164,1.87780828866,-0.590314276623,0.826545308055,-0.814492215109,0.0643232792247,1.42659737299,0.440442665127,0.979841477822,0.860397442133,0.437443311334,0.303381956761,-0.0347262675224,0.718092200317,0.342029338716,0.298859669707,0.978796801481,0.162821238798,0.997178091959,0.541700258949,-0.113827504096,0.00223569896157,-0.0780364848184,-0.099956344531,-0.0497309996163,-0.120260673718,0.00553833507005,0.00759647359463,-0.0437004980225,-0.0636700663536,-0.444935438413,-0.379631293278,-0.0552126598124,-0.0930246166947,-0.0426680620382,-0.00837115051506,-0.157522093327,-0.11859112207,-0.281699762206,-0.0840583269915,-0.1185749654,0.025792300395,-0.107725922138,-0.0279983409947,-0.0745781903813,-0.0804662540233,0.0241270868572,-0.167497135523,-0.0592554345812,-0.151953773128,-0.12880348965,-0.0621810780913,-0.111403012605,-0.18485121368,-0.162065420584,-0.168210105325,-0.123880433311,-0.154397923723,0.0389093185212,-0.185920818372,-0.0202356976576,-0.0507381327288,-0.0760749762076,-0.156648102459,-0.375393461666,-0.11325993407,-0.0882796718447,-0.0463505299984,-0.140425962788,-0.0044075590334,-0.0777606643496
Ecoli,0.559230285067,0.318163798183,0.67801567457,0.455250078881,0.554712357173,0.177773396241,0.26443734492,0.794447022832,0.225308805459,0.586173030361,0.504464897168,0.516444846322,0.626329744668,0.100581986652,0.405280824462,0.176685956588,0.0606235865218,0.83468068323,0.0742154235235,0.459425439455,0.254237950622,-0.266700414995,-0.266516270126,-0.25828127622,-0.208135290806,-0.218847965567,-0.244638904964,-0.266745917906,-0.326001368004,-0.274773823525,-0.314494247729,-0.187169460915,-0.437723112871,-0.369693359841,-0.248288630627,-0.323890752468,-0.323465531736,-0.318355185974,-0.257277129906,-0.454867118417,-0.346536469541,-0.252674954806,-0.216804436028,-0.313938016074,-0.26537080358,-0.348231717079,-0.199756644445,-0.425184569963,-0.391549022553,-0.304252947489,-0.328063150301,-0.246828923217,-0.445028176658,-0.397379445362,-0.415233862397,-0.484614733448,-0.344888096837,-0.187745725033,-0.371348794495,-0.498636991199,-0.474224235487,-0.452176379174,-0.515336013632,-0.448161749306,-0.33886072078,-0.503441817946,-0.400317862933,-0.38501129582,-0.697479411134,-0.528810588013,-0.452204796441,-0.364909094558
Ecoli,0.622756958233,0.147184414504,1.02875658076,0.351880770231,0.519622140717,0.102524457845,0.432273529576,0.555622625865,0.0231108744971,0.6170598816,0.703804983868,0.714824373289,0.386435929623,0.168238267857,0.310356747937,0.529856659344,0.348029973632,1.22525169435,0.374568760418,0.784197664364,1.0114144943,-0.116315491776,0.135942658186,-0.103176158659,-0.0931388718006,-0.0113040507186,-0.108938821275,-0.0465524237791,-0.0853822610835,-0.0344001173182,-0.128481103971,-0.219838431744,-0.339081253147,-0.0373264340334,-0.126345115876,-0.139888113834,-0.100593097875,0.0214300278515,-0.0523405794413,-0.173856141744,-0.13397785799,-0.101626152635,-0.0903075160196,-0.160344260511,-0.126901623903,-0.130831144435,-0.0714936923629,-0.201684380178,-0.193360138377,-0.127557068776,-0.167549148096,-8.1763342531e-05,-0.215092498195,-0.00924314656693,-0.203392849386,-0.118888091005,-0.0893284411288,-0.0606985751759,-0.150216736273,-0.189949785893,-0.246116060381,-0.121283121316,-0.189402354578,-0.1842555738,-0.181130418481,-0.364976103423,-0.0871288929853,-0.189318099617,-0.185791771028,-0.250275413958,-0.146731653986,-0.134809614917
Ecoli,0.895559190871,0.781596423325,0.951884336554,0.706153579451,0.371601210896,0.537972451573,1.00875326097,0.825347037084,1.00072172921,0.54465685897,0.707087313833,0.738980596903,0.72560173751,0.238445871323,0.729164595551,0.266310084854,0.34940707686,1.5716311384,0.625382982516,1.05840753417,2.02754303787,-0.0981577623218,-0.124082686857,-0.107933389327,-0.159487223883,-0.069123340712,-0.196320234677,-0.134019328789,-0.0114145589121,-0.146288974179,-0.241580802661,-0.0184171187566,-0.13433610489,-0.222369663343,-0.206593770065,-0.165509066092,-0.0674952399257,-0.166912508322,-0.336918802317,-0.416926712059,-0.278341207813,-0.16529539207,-0.135248614778,-0.248017919171,-0.17653317783,-0.180886694701,-0.0600308612521,-0.0566719227841,-0.207993175054,-0.142191111419,-0.223356411467,0.275654555992,-0.201339435686,-0.00848971587077,-0.208682493263,-0.0303519142718,-0.133880310632,-0.0659555673401,0.0459820345854,-0.0492331967939,-0.034243192787,-0.167483538684,-0.00720557793617,-0.0687917131492,-0.0643991601821,-0.29065209193,-0.194151511594,-0.11131658454,-0.00964404466357,-0.106496249248,-0.00514125362414,-0.271135773924
Ecoli,0.614641761486,0.424409458694,1.03908363273,0.54472228543,0.680435781965,0.225893606444,0.392427148766,0.919481117178,0.0578704325167,0.71808186141,0.831248832372,0.642826570856,0.641765829664,0.402011885927,0.698766562219,0.151167090491,0.304747206229,0.887748654593,0.126060064129,0.442002480731,0.485732159845,-0.223523711066,-0.088803487315,-0.120717431789,-0.121173755154,-0.0842683280452,-0.163641488743,-0.236193039222,-0.135490395933,-0.182464875064,-0.200889568302,-0.22151807312,-0.3310491084,-0.283963342175,-0.149801167684,-0.21246855735,-0.225363814275,-0.204610577727,-0.196897633532,-0.4101124302,-0.225891122433,-0.0913407314987,-0.1123826913,-0.192829560998,-0.154553654344,-0.194266170508,-0.114930259943,-0.216880567307,-0.298150017377,-0.126943404012,-0.226522917445,-0.478521305878,-0.201802230963,-0.212973207537,-0.22160297611,-0.278287182956,-0.162153490396,-0.0197734831209,-0.170697174482,-0.330483218646,-0.304723224932,-0.248059555417,-0.288230289362,-0.289336239833,-0.191277703612,-0.247398334766,-0.209829983972,-0.217383658889,-0.469744222894,-0.393628448581,-0.254127509859,-0.264543447162
Ecoli,0.526155675757,0.310743721598,0.742961772205,0.252964921024,0.295304200092,-0.0749829440608,0.559480978849,0.135129839427,0.291062053873,0.615444524495,0.0143033180897,0.374967343179,0.394570914623,-0.110811802515,0.465749781953,0.407897347814,0.286982577862,1.37807467184,0.388059844837,0.90583740574,1.30087252015,-0.0488085943393,-0.184949687305,-0.0838303835364,-0.104499208911,-0.0891973353658,-0.0544436304367,-0.101768386198,-0.0885246705318,-0.052870685183,-0.0836221052473,-0.234411926657,-0.399891260896,-0.168038368912,-0.194743138193,-0.147097002273,-0.0932627342522,-0.00032496279469,-0.173677805877,-0.370777823701,-0.182473816385,0.0606414687333,-0.0792911060302,-0.149304810043,-0.0827104646416,-0.197814007461,-0.11445482156,-0.211247676142,-0.159761992168,-0.209490800705,-0.233755901129,-0.179828383335,-0.123454619978,-0.0918392195623,-0.236411735661,-0.392646651688,-0.227283270641,-0.153623493814,-0.17123172888,-0.207648017123,-0.0795345184902,-0.200294588421,-0.0339595740486,-0.133741597573,-0.0772062591996,-0.306292795948,-0.168703118117,-0.202649937314,-0.221240089048,-0.109905495114,-0.120276158406,-0.217434541268
Ecoli,0.595676623821,0.863428122545,0.663801425122,0.527287087351,0.686956407206,0.799981609474,0.816072571614,1.01899171411,0.260820843236,0.693558445979,1.10112868655,0.658857605337,1.31000709295,0.690994865992,0.190134621822,0.560992268722,0.342709033025,1.28965112819,0.762120058514,0.956105999014,-0.053857769318,-0.0993332826409,0.298956081312,-0.12074541417,-0.263671721817,-0.035420411456,0.0780753274958,-0.0186469895028,-0.0689681360786,-0.014122717766,-0.0829508321715,0.285197663863,-0.320210319267,-0.0821513985669,-0.175818579062,-0.292002030047,-0.218734273981,-0.176478691624,-0.146339177542,-0.17526146599,-0.105298662015,-0.112124036787,-0.190353325265,-0.122248755909,-0.072481901078,-0.289620763833,-0.228476006113,-0.142115663705,0.0225964659898,-0.222534286953,-0.144585868822,-0.188874331403,0.407683778371,-0.267889968087,-0.181321704813,-0.143962303052,-0.108453527424,-0.120145532907,-0.203341855391,0.0878783593851,0.338505382664,-0.151143487632,-0.194830281708,0.14839457376,-0.115734293263,0.108740317687,-0.164327446232,-0.212222961117,-0.207095438887,0.53433238229,0.21160459286,-0.157563299529
Ecoli,0.751281504156,0.455728599097,0.81737125037,0.160989640732,0.503986429704,0.171588749052,0.312562447901,0.32311890498,0.149072895387,0.597209408861,0.407200135411,0.471695197737,0.330293832386,0.20051152825,0.42805241667,0.586901439873,0.505527614065,1.38466315643,0.437990508878,0.945021463204,0.380014641752,-0.0453033960168,0.2982818211,-0.0783615133397,-0.0794165562473,0.0199228161516,-0.0177144891749,-0.0572574128578,0.0696766110171,0.0201531540898,-0.04109078064,0.216867900547,-0.40682815163,-0.109250739442,-0.0752143454975,-0.066278241574,0.0427511085826,0.0780462853788,-0.133369348612,-0.2485606591,0.0755201887919,0.0169122777869,-0.051402605625,-0.142997702806,-0.0943721428985,-0.0521919612256,-0.0295240160466,-0.108022076693,-0.0801633799541,-0.0510670778712,-0.129778124954,-0.0376739755688,-0.167066867472,-0.0734760918321,-0.107339383437,-0.18993355871,-0.0932389462902,-0.0610094702361,-0.0453988691165,-0.26594608654,-0.0126210210736,-0.17236765763,-0.225939656776,-0.0741074429231,-0.0879154364373,0.103321458192,-0.0700408203936,-0.197765515144,-0.112501250126,-0.143051317944,-0.122074497069,-0.133276430844
Ecoli,0.410063784635,0.190643995693,1.52544783581,-0.485896453792,0.654136565335,-0.4522408693,0.0996758183401,1.35337227788,0.475256309734,0.72018061227,0.470825978524,0.176769757369,0.388434642818,0.19934303269,0.778371991758,0.34500487278,0.257673588118,1.05213251349,0.236564446844,0.98778232429,0.718425036496,-0.0426251713502,-0.0362378096368,-0.0306237571047,-0.0729250029071,-0.00757648924596,-0.117058571894,-0.0280264988183,-0.00509176104171,-0.0715360025051,-0.0806798922992,-0.488578894219,-0.315382175678,-0.132865614304,-0.120044860405,-0.0244752604631,0.0460897594516,-0.223839555969,-0.140357586736,-0.348397482556,-0.222128529124,-0.176861458299,0.0427564742073,-0.160137355932,-0.193154574621,-0.0722720707602,-0.123158350561,-0.0311431320294,-0.217180975354,-0.0598263130497,-0.13565034459,-0.37338572307,-0.244393043565,-0.0393396042205,-0.225058959538,-0.206153920904,-0.166587359051,0.00269995184747,-0.160031273341,-0.0166673213088,-0.142818233579,-0.205072053912,-0.107744878215,-0.00732051973966,-0.196959977588,-0.507539678403,-0.292779307979,-0.144350601185,-0.0228558053042,-0.195529235449,-0.0833646308223,-0.321823156261
Ecoli,0.425408379108,0.630665050267,0.812587730669,0.298564889197,0.493363036439,0.0427043497775,0.722157822881,0.723594616975,0.209341134696,0.571679188785,0.760404253086,0.679854320675,0.825492995665,0.653991921265,0.29942510239,0.569933406351,0.405072164249,1.1593918475,0.368264257658,0.764644712764,0.811309477621,-0.116743130295,0.125605515681,-0.0919657825406,-0.0803021921701,-0.0573603142205,-0.0934994920892,-0.031398153311,-0.0856073340285,-0.072943966794,-0.11188008863,-0.275924846964,-0.257273120363,-0.0638021203472,-0.153578123769,-0.104514995433,-0.127635436555,-0.033421011981,-0.0986573874589,-0.1570908178,-0.133783310067,-0.123729225505,-0.0809621902681,-0.194219367876,-0.115804475548,-0.14423492878,-0.0539166587165,-0.200520530071,-0.116058243965,-0.147783304655,-0.163846151043,0.340369916503,-0.135407975162,-0.0714369808904,-0.199525088587,-0.144578854592,-0.137266622776,-0.0992848764559,-0.160343673554,-0.239999175044,-0.215048901569,-0.195138273128,-0.207534607189,-0.198518782489,-0.180603533442,-0.245889042339,-0.139720482735,-0.192810801075,0.264407943962,-0.195159216051,-0.172352639975,-0.126118603928
Ecoli,0.229426810235,0.248310743957,0.552786176283,0.0580402970888,0.576495773121,-0.315718704715,0.182419635317,0.582215452255,0.40833166228,0.315170529123,0.659568783561,0.358668355773,0.484804245257,0.0460676042214,0.657739201689,0.487259695728,0.41561495701,1.19911445162,0.517796450996,0.643539569872,0.733989126881,-0.152818961957,-0.00204822618385,-0.0326917389667,0.00199301263026,-0.0252531946872,-0.0487504879565,0.0120588983407,-0.00261386316583,0.0865870619807,-0.0608140203762,-0.13359494893,-0.47004911828,-0.210034871715,0.0381763218126,0.0267857375483,-0.0115796359501,-0.0328967945443,-0.103435990966,-0.264961393088,0.0804961740729,0.1425465834,-0.00732184943909,-0.107513108602,0.00136846322693,0.0236869363358,-0.0230370160969,-0.125756903862,-0.0294058346417,-0.00538806961171,-0.0730876651517,-0.0594458574572,-0.0415089908649,-0.0191297015615,-0.071650868691,-0.0745001552013,-0.0946090536507,-0.12442848155,-0.0411142872336,-0.0892087931775,0.053472233774,-0.111012524879,-0.0326583867944,-0.0531847979425,-0.151318233327,0.195725076936,-0.0143701376251,-0.117573288905,0.426407608378,-0.0699510089255,-0.0299455868331,-0.0685162458053
Ecoli,0.770450709337,0.392706934284,0.911476441754,0.479980939933,0.819202925027,0.159254120805,0.478507121854,0.772521557258,0.632221379018,0.744389478647,0.855093693759,0.554451906592,0.697342418231,0.124348193326,0.725526951581,0.550357865312,0.420881922622,1.28714220035,0.446435955549,0.654294339733,0.559520069069,-0.0431743737794,0.024454633056,0.00812192766908,0.0197030144919,0.0169035270022,0.00843561990109,0.0205418637975,0.0514857658637,0.00293100041861,0.0233262160811,-0.123863523159,-0.571403607087,-0.127292404223,-0.0127649666267,0.067391229543,0.0673133552221,0.0431172464132,-0.104525364494,-0.0623352541139,0.0352828738774,0.0572856890734,-0.0246151933373,-0.0630580389257,0.028266997347,0.0107947267259,-0.0179487392091,-0.0290044723108,0.021113238658,0.000970528884444,-0.054591094579,-0.418277360605,-0.0359009664152,0.0689612576539,-0.034979097537,-0.0192369391279,-0.0480570314769,-0.0331453480146,-0.0249369881977,-0.137333606172,0.130492592645,-0.0654107307351,0.143995922938,0.000800979130552,-0.0949818826997,-0.0897468021287,-0.00263419645103,-0.0781942279986,0.0535158377073,0.104790012952,0.00570439893521,-0.0477384624017
Ecoli,0.577561846936,0.0623881482421,0.656920030223,-0.0937448395888,0.467813670536,0.513500223832,0.159475648412,0.594032949519,-0.219500906308,0.454618190542,0.426286693215,0.136481698688,0.193512619271,0.0071204890409,0.639285274322,0.464015297424,0.192829158086,0.721446500666,0.433568936531,0.681704714527,0.525524543392,-0.0985980659832,-0.109357939164,-0.0579113772458,-0.0420234868565,-0.0183667814164,-0.0281481583676,0.0296751061576,0.0684101417329,0.0183174072557,-0.487938900976,-0.0554306202765,-0.379592119265,-0.210943426414,-0.00961724783148,0.183666402084,0.176976547649,-0.0315992385165,-0.117713005609,-0.221379158771,0.0494795455391,0.0619946946026,-0.0250970426112,-0.100172994144,-0.0126306822878,0.00858613343213,-0.0517440380625,-0.111245040004,-0.00845189686632,0.0500733405464,-0.0864798164748,-0.473684186193,0.0260546114779,-0.0136752413264,-0.0839184051623,-0.0464801697621,-0.100674047657,-0.10773249324,-0.0581738480423,-0.00842185446857,0.148981226914,-0.0967191819818,0.0715734988021,0.0909385472188,-0.164594812064,-0.0765222642128,0.0490565096487,-0.0929298749789,0.000137990478876,0.0956125886196,0.0326946570045,-0.0130289898642
Ecoli,0.690142220185,0.0339568834782,1.04688353106,0.195361005794,0.551116629337,-0.801439389434,0.297220511558,0.786449573381,-0.0555309659109,0.68982466712,0.682484940359,0.544049313745,0.335586844778,0.05272118946,0.769311005856,0.630592290724,0.703202406901,1.25787274845,0.54709469665,0.94292370465,1.28173091661,0.146053327434,0.330980685619,0.102078315126,0.114971442385,0.179073621291,0.11954929712,0.171607532735,0.175923549794,0.143309728489,0.124479762444,-0.292544689166,-0.358307876448,0.210491530982,0.183720910575,0.161152906914,0.118871776097,0.178986836122,0.151526210347,-0.0898723784814,0.174649703239,0.152218557337,0.151137860126,0.125420992061,0.139478162983,0.127163875447,0.149521639476,0.189974696668,0.119248627818,0.160072880357,0.0892504932966,0.225021227377,0.183630033698,0.168344666888,0.170769757608,0.164039537787,0.180436531249,0.183563451989,0.0944600913087,0.0772117504467,0.215709345961,0.119900170721,0.1640886768,0.173656372286,0.119009394482,0.102680407374,0.223840668272,0.120184860077,0.221606210211,0.0940237163012,0.156634449858,0.18371575112
Ecoli,0.467831897743,0.274666663292,1.49270821183,0.0410137201397,0.745350228496,-0.920518707179,0.0216584532051,1.37280212387,0.680265871584,0.688257796981,1.05455632049,0.458310088009,0.438251576087,0.173012865046,0.510660930205,0.206432618202,0.00522781115144,0.906423046006,0.172371720941,0.844292047454,0.00590980266461,-0.199531571177,-0.152340226354,-0.149854428612,-0.119404314218,-0.0984664455748,-0.231596539869,-0.0873545667816,-0.0953691955457,-0.111350441722,-0.221126224986,-0.329040655354,-0.394567082895,-0.278481302978,-0.202487685189,-0.151185676464,-0.13371361494,-0.351741646969,-0.262462587301,-0.337366612456,-0.218224444981,-0.308520832348,-0.0433887545823,-0.330614138831,-0.207846327732,-0.136878542371,-0.159110251529,-0.21454487611,-0.33839661505,-0.186215741298,-0.255237302701,-0.606669199134,-0.300542386268,-0.217334655665,-0.27976670843,-0.287762529022,-0.219276600117,-0.200662357719,-0.121616994643,-0.394050340166,-0.326305430191,-0.227139486941,-0.254677730704,-0.259322007827,-0.202042612777,-0.480570090188,-0.315819235701,-0.210194959839,-0.124276568078,-0.211568662058,-0.160153940056,-0.248609921615
Ecoli,0.35474028369,0.31240756255,0.600418765132,0.200078219983,0.550821978339,-0.165663999461,0.377094302586,0.928350717029,0.596098139813,0.703594961922,0.738816814268,0.18280044211,0.416394497481,0.229575780105,0.584310184496,-0.510896342933,0.352375745615,1.27302543403,0.212696449891,1.13080628886,0.274346953662,-0.0946814844747,0.0608403161998,-0.102927256214,-0.102789468079,-0.0157153924321,-0.107307643415,-0.0513018207397,-0.0620565477833,-0.055278730963,-0.0836349997354,-0.550097015537,-0.390648301148,-0.111878276858,-0.0277736724343,-0.179916032389,-0.0585178339034,-0.00803674832064,-0.0998629549749,-0.201710587073,-0.0595976062525,0.0499702295231,-0.0799343077157,-0.1817138255,-0.0834810160537,-0.119432913457,-0.0753816721961,-0.0738454296979,-0.113279476918,-0.0937937691364,-0.109108430324,-0.505076100663,-0.147887910306,-0.222724876471,-0.153420539778,-0.144659353641,-0.111027353005,-0.169165356375,-0.146066509962,-0.174418448785,-0.172237377473,-0.191581489946,-0.122334031998,-0.183195122241,-0.135170861534,-0.291581840003,-0.141494384687,-0.116766899598,0.265238361061,-0.367536330105,-0.0250610717131,-0.160970082522
Ecoli,0.638166147446,0.166068861028,0.912527138433,0.37431741625,0.53150451409,0.196076111052,0.561149582499,0.924269814162,0.0360717218187,0.654236691282,0.842287788051,0.707257066279,0.368163576148,0.158285747211,0.508386250914,0.602017644673,0.562779406983,1.23379701794,0.480100174657,0.789143488561,1.05308242394,-0.00255228430837,0.129094991333,-0.0494640316671,-0.0177517541749,0.0197884115089,-0.022993014975,0.0353317184994,0.0932486927629,0.0106957954996,-0.000228276052996,-0.252709897209,-0.137739514362,0.00223390297972,-0.0583056763999,0.0583572061124,0.121142275974,0.135716989966,0.00530888291019,-0.196747025355,0.00820385615864,0.0359522043163,0.0270292950544,-0.0738548934116,0.00541749881739,-0.0150711006437,-0.0429176889546,-0.0587680238615,0.0727084933399,-0.0254892072877,-0.0971861503372,0.00563419805526,0.0321134005526,0.387191966552,-0.0486487416701,0.0187516830909,6.85976471277e-05,-0.00663632175246,-0.079427285418,-0.107330888902,0.130435279609,-0.043291802403,0.0812008367831,0.00639689616275,-0.0695104982897,-0.160957008755,0.0826443051974,-0.0813147680661,-0.0139822881797,-0.0515760290901,0.0325759935115,-0.00839840810847
Ecoli,0.453583364058,0.265965924542,0.558065329453,0.387007679626,0.696507727591,-0.334184279991,0.155674232916,0.432570547327,0.54358320736,0.478868903816,0.561462538784,0.275939092763,0.525716206701,0.0902832020611,0.494188918047,0.445315366646,0.386059973801,1.12167629124,0.412480509203,0.665272311207,0.469739344326,-0.0987566912074,-0.0745289315139,-0.0597237308656,-0.0487401984177,-0.0498035729947,-0.0237018630448,0.0073476398588,-0.0180371864044,-0.0401507511045,-0.0407616421748,-0.0768571893289,-0.341099726958,-0.122343965904,-0.039278914847,0.01223366266,0.00355019060902,-0.0229078424905,-0.0712620655901,-0.145149860674,-0.0355990640487,0.111115523785,-0.0931263700536,-0.116288981062,-0.055612070046,-0.0571601126649,-0.0855108524308,-0.136212331704,-0.0388995727244,-0.0982644634059,-0.0674100854682,-0.470151960246,-0.0417083559725,-0.0255968725602,-0.109075340417,-0.001351623031,-0.081386578597,-0.115037901986,-0.142134164871,-0.189282802138,-0.0160036174808,-0.0918182058484,-0.0356006080479,-0.049508425057,-0.129854492144,-0.134457306865,-0.0267306106483,-0.0860246966461,-0.0858630220562,-0.0351354022115,-0.0449381103642,-0.0832631594327
KECS,0.523901086107,0.362515017463,0.744480679139,-0.00101078066671,0.681528443691,-0.0123508284435,0.434347111794,0.911886407059,0.158312720792,0.594844698281,0.900366735355,0.626768727786,0.575296205096,0.187585842761,0.473841816472,0.0835606049183,0.0767604654666,0.703309469147,0.162185343864,0.433700640392,0.393203912596,-0.42371938322,-0.389999829406,-0.370030302467,-0.363961958427,-0.316494705014,-0.360099787741,-0.390164171765,-0.358049888742,-0.346262796119,-0.423339533082,-0.297390904335,-0.373283273298,-0.500496354818,-0.299956306945,-0.320415272433,-0.250221266001,-0.405671674442,-0.345906362371,-0.548808527322,-0.396314141216,-0.401978274185,-0.319974670911,-0.382214798552,-0.346948740039,-0.391298716945,-0.330134673466,-0.352009359012,-0.451432583564,-0.369873158461,-0.463137050252,-0.681753752858,-0.289202868276,-0.397089194217,-0.32781642845,-0.416740845975,-0.338028587107,-0.237003825167,-0.427661147732,-0.450462149771,-0.377078516909,-0.388138101457,-0.391446898936,-0.356547223524,-0.354446286385,-0.20003614572,-0.319365933298,-0.375792059966,-0.613215371343,-0.411183476858,-0.370143974017,-0.348570955849
KECS,0.827130371108,0.384051736259,0.803113478301,0.011889637301,0.64965349525,-0.385965820933,0.454755781922,0.451877336116,0.78347218226,0.641878570078,0.910221672333,0.477085555603,0.462376995267,0.157841432043,0.54736979664,-0.505961058307,0.225758210113,1.34069325649,0.141544352937,1.12110834425,0.199366709278,-0.240828830525,-0.205636854218,-0.264289595729,-0.246637996993,-0.113255588779,-0.177824523622,-0.124518349545,-0.247571627023,-0.212493564287,-0.226586508997,-0.653882564524,-0.555785124305,-0.288509654804,-0.286432293751,-0.244660246536,-0.0103504414868,-0.185853679401,-0.316111588577,-0.418688655093,-0.296351369113,-0.141282014099,-0.17532350041,-0.292987896809,-0.221624667902,-0.174847652131,-0.194409883091,-0.0801369979521,-0.248366030509,-0.213487310731,-0.253594962438,-0.246778673245,-0.161550234129,-0.213756262603,-0.198402049675,-0.239092512529,-0.17864143675,-0.169762595734,-0.220198666746,-0.233401345554,-0.163465141721,-0.139245297359,-0.233351639509,-0.244796493387,-0.167597627811,-0.228695057448,-0.178081518474,-0.08581201651,-0.206391577435,-0.165929786923,-0.0961961371487,-0.17381477032
KECS,0.456150110857,0.408978063781,0.736112987471,0.351270626889,0.51875795944,-0.297376956334,0.743897850253,0.495880174857,0.32243575596,0.683489999734,0.650884826303,0.588182086713,0.680725803686,0.597490320669,0.341024288864,0.576506897962,0.406176588279,1.27199663845,0.472830878807,0.71880430347,1.01047879143,-0.281026046355,-0.156179700231,-0.264341996892,-0.233643748441,-0.16527615067,-0.206281665331,-0.195008383318,-0.149132772276,-0.209885368234,-0.302212462448,-0.275240813534,-0.510288301483,-0.283464379437,-0.225049453893,-0.142151190857,-0.126321356091,-0.126959548859,-0.223466140841,-0.443156508057,-0.29556901276,-0.255971619035,-0.189775762481,-0.268402026122,-0.258365293023,-0.236478733443,-0.232950532942,-0.227400210547,-0.279130118212,-0.254443666386,-0.351321754999,0.124529206765,-0.225653360753,-0.167931988999,-0.185694177692,-0.17866827815,-0.162369575946,-0.149358195481,-0.259462587407,-0.371626332403,-0.0812589720232,-0.199082552784,-0.199205430598,-0.18379481751,-0.224453684164,-0.112761826802,-0.175672387596,-0.277860304318,-0.112485952506,-0.193514763658,-0.163441284148,-0.199338906021
KECS,0.226244817413,0.824678956533,1.4275139166,0.395118566774,0.775824905831,0.195303673276,0.454815369362,1.68884080316,0.859320427399,0.891653963724,1.34160612627,0.421080878162,1.09035394892,0.972790226452,0.748285722498,0.299850708373,0.0753282273394,0.992038110894,0.0919902202871,0.787475059883,0.0320658511413,-0.116077100342,0.0289202488952,-0.129621548892,-0.0886635009952,-0.0954876685545,-0.13784988103,-0.0771575620451,-0.0424952790971,-0.0756193352262,-0.165835694475,-0.271493235009,-0.217388145482,-0.120100686836,-0.0913761651972,-0.0451636663688,-0.0488528011311,-0.214914887323,-0.160760570435,-0.136402321228,-0.141611560865,-0.186243798738,-0.0221123560672,-0.262604376292,-0.1172095164,-0.0720342238568,-0.138954195191,-0.111589576035,-0.0873812053677,-0.127317220648,-0.178933203751,-0.163772974307,-0.128317352246,-0.0723038574708,-0.151446200231,-0.123190880476,0.0235515716067,0.127624493696,-0.0754855821613,-0.200270177902,-0.17155836828,-0.107555188859,-0.112756386701,-0.094715596604,-0.0363215119017,0.240987084367,-0.144201880328,-0.0771908979512,-0.0475866776499,0.180970895061,-0.00151273360475,-0.0622478986176
KECS,0.532061576302,0.210506357275,0.39918871939,-0.0195786061908,0.43554552186,0.0743034387632,0.312464559052,0.156526968501,0.00259493025437,0.507180006572,0.177543409608,0.282923920379,0.356344889477,0.212542356695,0.559273786602,-0.264374249134,0.311873949939,1.51712940311,0.246237931313,1.19846076089,0.292332542235,-0.187313954097,-0.0444013302062,-0.0618161927051,-0.0904570264274,-0.0261300557169,-0.138193982767,-0.0662237910742,-0.0502273679522,0.0481326146978,-0.0454031072284,-0.494013640461,-0.304802080391,-0.161655960786,-0.10421158704,-0.106841667578,0.0619317201323,-0.0630009731039,-0.162909664648,-0.264088808639,-0.0893580956539,-0.0819091717678,-0.0666063536303,-0.129627696257,0.0648621250222,-0.0207576367726,-0.0676677534153,-0.131834330592,-0.140608053226,-0.0598727507923,-0.154149288162,-0.507119798825,-0.174070058239,-0.13094661034,-0.187649991723,-0.141250928866,-0.122447526248,-0.100544597497,-0.208435299912,-0.0952982218758,-0.0995734817751,-0.276795783704,-0.13090815062,-0.23082710687,-0.190571853085,-0.135780686104,-0.158252701627,-0.174213849262,0.266610926926,-0.211687695916,-0.0381257056928,-0.17073241507
KECS,1.01853033856,0.234502157409,1.2190301021,0.348308270738,0.960201085301,-0.188459833527,0.155614151287,0.841575633918,0.162859391534,0.706417538573,0.585280694246,0.618312798481,0.663734229682,0.0379653100799,0.697836170046,0.552633755893,0.354690626482,1.25693035856,0.496568816741,0.69786369032,0.640294302232,-0.0315146405469,0.0365172544073,0.0419760483439,0.0464428399297,0.0354110617918,0.00273585413581,0.050019313218,0.0759010350837,0.0908108913511,-0.0133331020776,-0.13177484483,-0.309650610039,-0.157531797703,0.0942474334713,0.144284396299,0.0769843741972,0.041531214964,-0.0116261829091,-0.0931675857991,0.102736175087,0.127955740023,0.1391148635,-0.00635030054548,0.0198395873975,0.133164050163,0.0579604643337,-0.0220686920827,-0.00553335078783,0.0914576775288,-0.0381699517964,-0.374482097232,0.0572921104577,0.108147338856,-0.00235035993321,0.0409205176667,-0.00586834510466,0.0331278624553,-0.00292744077649,-0.132898906971,0.190333789626,-0.0541180697853,0.109076263708,0.0994136581003,-0.0864725440044,0.0720480662894,0.074971934545,-0.0457187139057,0.124797840945,0.213729295947,0.0201461957208,-0.000515412802361
KECS,0.280762436899,0.310562092068,0.721682206494,-0.117143631369,0.466246768574,-0.229307119636,0.320617570148,0.201777882305,0.480285773855,0.470967352216,0.399234135857,0.310572427805,0.410115478356,0.177005618867,0.50512768128,-0.542304337024,0.22714043313,1.41521577581,0.110792973104,0.988305411762,0.232560829229,-0.162918009119,-0.0707521108987,-0.137558025784,-0.126867860493,-0.0684469598096,-0.146332046821,-0.0422112924812,-0.168062300924,-0.091659044319,-0.0998923047228,-0.597595339049,-0.332397093308,-0.243762914298,-0.225788082506,-0.181448701843,-0.102346174464,-0.190625297621,-0.23601502192,-0.319493671669,-0.0680808303801,-0.140953957543,-0.130493486025,-0.236887404358,-0.0952495926398,-0.122265537072,-0.0882091012478,-0.246491454681,-0.207436259252,-0.15150459879,-0.209451948054,-0.657918366753,-0.276432796814,-0.307945951708,-0.275443523284,-0.365282353058,-0.222945745879,-0.178922225074,-0.261991103101,-0.313275856976,-0.222325148797,-0.361291397669,-0.29371428304,-0.299754140866,-0.265697813573,-0.270830278244,-0.227544659498,-0.245805031489,-0.241476540807,-0.29744698103,-0.234641335731,-0.286490143082
KECS,0.359738187414,0.940268825842,0.892180973391,0.262857758064,0.558347669928,0.2576323945,0.834062110164,0.81594323004,0.53970586574,0.737686704497,0.780422439396,0.487859448525,0.856440510133,0.725779700689,0.439807724723,0.541595071521,0.35304500367,1.45147925144,0.378552593357,0.839067339527,0.336874084441,-0.194995112099,0.203412487857,-0.213010996966,-0.190923705413,-0.0984774693746,-0.180151101936,-0.245364940207,-0.195493268166,-0.251933482713,-0.197855262516,0.194865304012,-0.594611426699,-0.306614308249,-0.293021609106,-0.258535640013,-0.22335429852,-0.269411114294,-0.230024105631,-0.228651416795,-0.0559067198887,-0.392398958247,-0.134719000409,-0.304256444974,-0.24444092644,-0.167123549803,-0.130581063415,-0.113991858758,-0.238121208522,-0.219530311933,-0.285388318451,0.135458609349,-0.159763740284,-0.100212102621,-0.143098082106,-0.138052431422,-0.058261971948,-0.0761288111356,-0.100426574257,-0.416821584471,-0.00496113610966,-0.189008754342,-0.213543356009,-0.170726519806,-0.162711912824,-0.135692068061,-0.134100445933,-0.202471498157,-0.0964072713893,-0.0243784032093,-0.173264266167,-0.178499553961
KECS,0.908013247832,1.05234305428,0.863612352383,0.997927085942,0.739746899837,0.67967275688,1.09783502001,0.589514282822,0.529031211768,0.684374412108,0.95655985679,0.322416052563,1.16436263775,0.700942418591,0.650272873152,-0.307152721259,0.384927786991,1.55774428529,0.340576089998,1.27546410813,0.359246913587,-0.221294649088,-0.185782992657,-0.230092350898,-0.23445932133,-0.11850023153,-0.164137238253,-0.176701940457,-0.155770808193,-0.235873534825,-0.209045768685,-0.443490953001,-0.351137148728,-0.229923118232,-0.238533293227,-0.241589218947,-0.099474903238,-0.191442930327,-0.284331000238,-0.157555268869,-0.316399320366,-0.177034991338,-0.200150076563,-0.307238933951,-0.221038530925,-0.0385700113057,-0.216948468031,-0.0607232166767,-0.234007298705,-0.244124775883,-0.275968781675,-0.576067556684,-0.26747499101,-0.266559506201,-0.230928588733,-0.361497195182,-0.116177306779,-0.128180158906,-0.271965651619,-0.30608518912,-0.10255354777,-0.285695526941,-0.18005782896,-0.275400823337,-0.183278202233,-0.0307609540365,-0.207607562207,-0.216737774681,0.0952462686711,-0.20958586105,-0.191184270877,-0.228146532882
Pm,0.904331828389,-0.195462287244,1.05444230003,0.224041228282,0.895856977459,-0.0137945183831,0.144423062457,0.463853694605,-0.640402768553,0.236810767961,0.876066808474,0.583172201289,0.751480284737,-0.554775613004,0.496601924868,0.488546455973,-1.53097989048,-0.206490498824,-0.701706729199,-0.796472568496,-0.217156410067,-0.173155259948,-0.291256412802,-0.142203746153,0.0273067537197,-0.098112247933,0.0219717436496,-0.152499165994,0.0287910318531,-0.08627339482,0.0200816079853,-0.115639306337,-0.415764914471,-0.0332746826819,-0.309469286137,-0.105664706364,-0.231540708966,-0.522649973329,-0.0984387155728,-0.39554130731,-0.220089881015,-0.294700242294,-0.740375820543,-0.360276665214,-0.616049778351,-0.812221637242,-0.3883777963,-0.368522536026,-0.754977095951,-0.109600536299,-0.329086681103,0.0554247730639,-0.296376116364,-0.226783831602,-0.04375978477,-0.367970571441,-0.266072594833,-0.119232037453,-0.143408606379,-0.687014901476,-0.338393557176,-0.402211800856,-0.161264822102,-0.286328096158,-0.24759574687,0.108969106854,-0.106118269347,-0.391005094839,-0.142987353927,-0.095339186225,-0.279961975898,-0.200237057275
Pm,0.341858135167,-0.136889160767,0.817395007681,0.165387735536,-0.00608424151671,0.506031208905,0.0318275858279,0.186220363228,-0.895757905552,0.238517563224,1.17716853826,0.159064529924,0.73048506461,-0.196771240451,0.545703400779,0.595448515595,-1.50289442676,0.414983794661,-2.1739526808,-2.71587625493,-2.11672256285,-0.332840274189,-0.483836382155,-0.204259912335,-0.195340974801,-0.0497949437915,0.0356027338444,-1.3126237646,-0.113646852717,-0.448947560385,-3.1231370551,-0.656410665859,-0.514651315736,-0.332539169281,-0.391867930142,-0.345513112454,-0.372801030288,-0.504468357407,-0.281892186239,-0.451937630585,-0.249620543714,-0.38445773622,-0.865693558473,-0.449769393145,-0.541742513291,-0.603526994474,-0.711173054817,-0.42725525331,-0.846681626965,-0.333677663082,-0.39829043772,-0.2849826525,-0.323690020333,-0.270326371079,-0.34900789672,-0.489100711258,-0.316726912928,-0.322147093191,-0.333888676888,-0.6014475838,-0.313052367284,-0.161431720723,-0.464910477391,-0.34812451753,-0.328667524775,-0.120655907153,-0.516938301505,-0.51043858201,-0.225465256888,0.0278575501072,-0.528311803101,-0.370747064852
Pm,0.782201972521,-0.234243945862,0.866990229504,0.294235253381,-0.00840715126751,0.0824521411176,-0.124229566206,0.0170639786583,-0.402183244319,0.0433038082712,0.497508138405,0.990238756951,0.511243696361,-1.7847307288,0.717566097162,0.183136224862,-2.68905353086,0.797420705658,-0.712496802878,-3.08864140818,0.141361531915,-0.199131597149,-0.508538507877,-0.176413090211,-0.236134950281,-0.0190278161399,-0.187789076476,-0.0303719844846,-0.00511146128878,-0.271447869776,-0.0698075568244,-0.29441888725,-0.461119181095,-0.199375707654,-0.247170794999,-0.132500644028,-0.0913887327382,-0.286834498411,-0.265295766123,-0.304691543443,-0.298990168651,-0.21590779267,-0.841074383125,-0.677059051321,-0.671579386597,-0.919385891944,-0.690907211166,-0.309579930011,-0.717608124987,-0.414522437156,-0.350257309649,-0.116226492698,-0.424197264563,0.0377729348586,-0.380679007205,-0.0484232904758,-0.135921881854,0.00303040368503,-0.20146386327,-0.442942062892,-0.149175317495,-0.500009760004,-0.258529890086,-0.16985334895,-0.512738218276,-0.232437544479,-0.411508663656,-0.267744029488,-0.103240087577,0.0956943787177,-0.333692685156,-0.443370376039
Pm,0.520552365268,0.605719789776,0.979264404274,0.461525856771,0.27181927084,0.59955404579,0.400171856873,0.541893616703,-0.269462435987,0.736232819104,0.52534638536,0.849358735325,1.20826392429,0.0556433889914,0.731875031892,-0.220061156777,-0.363520392076,0.457663489448,-0.0724049323803,-2.5145095642,0.118368641933,-0.347569297878,-0.474951127958,-0.303008836186,-0.257968369587,-0.195065833201,-0.0744989701219,-0.153588384612,-0.20269930392,-0.316327818722,-0.162815644101,-0.2924161003,-0.4632580956,-0.291488253444,-0.185074185803,-0.133587588489,-0.263487561129,-0.333995199014,-0.196398728875,-0.40200715373,-0.210390308233,-0.277179300163,-0.679112272269,-0.504036654391,-0.603546285934,-0.768198776248,-0.7300572533,-0.423000951202,-0.533918916367,-0.348999745206,-0.415765914721,-0.546720661115,-0.378522852254,-0.26839234791,-0.312664524708,-0.371821272638,-0.27875461439,-0.178234791009,-0.260087190968,-0.317346283315,-0.321061484604,-0.430032151833,-0.35683567114,-0.241946677278,-0.142368727088,-0.150497256712,-0.355731531949,-0.308284152025,-0.438423787187,-0.203370274939,-0.350708890566,-0.354799660525
Pm,0.922781660146,-0.160103308285,1.13646186994,0.902646673601,0.255298359655,0.231414611595,0.601779473985,0.230012466211,0.583386777355,1.13533777595,0.410193378864,0.629548963864,1.17391485653,0.797549402201,0.515610040171,0.347407725611,-0.800144434944,0.19122670467,-2.21439794916,-0.543572514733,-0.308766678732,-0.186404303875,-0.285828125407,-0.276594777626,-0.230175895385,-0.157425183501,-0.125404664118,-0.070349805992,-0.205980667332,-0.255278737209,-0.128567550044,-0.0720566636801,-0.377014920152,-0.210471988255,-0.123649714764,-0.26427558087,-0.315714056207,-0.182201220035,-0.196110289937,-0.261544559517,-0.207889599161,-0.319767852949,-0.865534881884,-0.310914098219,-0.780343709235,-0.792827746605,-0.736202500429,-0.439844106502,-0.695414088054,-0.389858802479,-0.327819828894,-0.109142502808,-0.541631747089,-0.160258134082,-0.206935809255,-0.338849886993,-0.300661393936,-0.258041059997,-0.361296191187,-0.616437059791,-0.351270872273,-0.513472256344,-0.335156856114,-0.395693639785,-0.232902124179,-0.14023474713,-0.486316995579,-0.402021862887,-0.274301631159,-0.2207340066,-0.484746899102,-0.421464605181
Pm,0.300378925188,-0.139191667513,0.516622330352,0.0222379927183,-0.0629349222565,0.0355507177202,-0.254378278509,0.148465866136,-0.644135079116,0.00212743540366,0.581161712732,0.415870846799,1.12669197166,-1.85902022027,0.650044723176,-0.52407859099,-3.79265549239,-2.75519089789,-3.02983274156,-3.67683468447,-0.00925764001887,-0.402074437933,-1.1094300098,-0.208915058129,-0.264894831653,-0.134232598412,-0.192104001261,-0.122952065854,-0.0609280334661,-0.335721200719,-0.129083971366,-0.431267987567,-0.413477234643,-0.228600337528,-0.512190120936,-0.419296583468,-0.314620516034,-0.473591112576,-0.35668781545,-0.332806461791,-0.503677300681,-0.395634492341,-0.944606516482,-0.705599145492,-0.94252403572,-1.04272513921,-0.826907307914,-0.546474511489,-0.972339473393,-0.451257685533,-0.534677771313,-0.43059825622,-0.598277243103,-0.257813790596,-0.568495185867,-0.736389017205,-0.411209832485,-0.21881647662,-0.44514711204,-0.754979138413,-0.438128071978,-0.741289297757,-0.448201136348,-0.436022031707,-0.694451510829,-0.500695985557,-0.552337126776,-0.624612149866,-0.363592472105,-0.185297015083,-0.613093851404,-0.515172039092
Pm,0.693565393097,0.0343513771557,0.861128024111,0.37597663206,0.491536621342,-0.0801335959704,-0.392823352884,0.648898070181,0.660232848319,-0.22473206233,0.629861793921,0.889398926832,1.61262851704,-1.1195512057,0.726396301115,-0.0311027650389,-3.55613876401,-2.96116736262,-2.35541831984,-2.77859319305,-1.60161330468,-0.402002220829,-1.77310444135,-0.108609131144,-0.0829023542347,-0.0463544683862,-0.0623506442866,-0.127605124833,-0.350420756491,-0.283384254649,0.0319598978854,0.0104589143739,-0.628373549563,-0.205292668118,-0.247180666915,-0.0984980165609,-0.248821924294,-0.441776042776,-0.291499683598,-0.391975735177,-0.188672356499,-0.265415802678,-0.806433802752,-0.648879015712,-0.67028770079,-0.255144578235,-0.655707321417,-0.264383093933,-0.702763146119,-0.274067598093,-0.26946932272,-0.495121842791,-0.454246822313,-0.0849491629971,-0.331346087801,-0.229020826208,-0.173725179746,-0.128081356801,-0.13337430782,-0.701869509716,-0.175620046162,-0.464118993726,-0.183901456178,-0.137467689687,-0.271910526378,-0.073332456021,-0.270832008835,-0.390547569924,0.0547813241329,0.0568358062522,-0.352924386082,-0.286517177872
Pm,0.29030899407,-0.595411236212,0.660146343808,0.613896754782,-0.0973760542542,0.0566210417036,-0.0270135320916,0.572858571073,0.0753477961114,-0.0570482963737,0.394128827937,0.213642074911,0.766648772474,-0.164147761207,0.620329091534,0.298284937883,-3.96482169551,0.574243310754,-2.66719555432,-4.03563891929,-0.0584411373546,-0.162483130139,-0.962278860415,-0.150157134654,-0.181557884466,0.0289403586175,-0.116778509112,0.0417892385889,0.128628807067,-0.269928143613,0.0164867436686,-0.3325104429,-0.451592824988,-0.217551901269,-0.313858477985,-0.0948756082442,-0.0740088447593,-0.299306589439,-0.307945897283,-0.409182192916,-0.339806884384,-0.228740535248,-0.864476359521,-0.66801829242,-0.848609373378,-0.834273582387,-0.74506435373,-0.317894932276,-2.56900437595,-0.329699169712,-0.344905123675,-0.0941796331131,-0.514723510666,0.0277101041605,-0.299050367341,-0.42188082676,-0.0906044023632,-0.0731169387742,-0.123299449377,-0.453698515046,-0.152085174453,-0.567239814609,-0.284471378916,-0.14568410431,-0.502554656049,-0.308188308823,-0.3739873715,-0.386925233631,-0.0360696589433,0.0237048077987,-0.350772511899,-0.457349045312
Pm,0.622298874533,0.772461746279,1.12084020786,0.350429451389,0.445328243069,0.408673688438,0.770389848702,0.700462508186,0.0167269217674,0.545323103841,0.277253483251,1.30736418852,0.956202782921,0.0528148162858,0.350992308306,0.497924501005,-1.40036172413,0.646711908953,-1.44244194484,-1.93304364862,-1.02778630636,-0.293735356665,-0.780405904501,-0.134295581685,-0.126052946045,-0.0148673635695,-0.0344723421318,-0.55486649122,-0.134600878607,-0.189225623106,-0.0956723973972,-0.0974189557101,-0.473306373305,-0.210578374825,-0.213998879075,-0.199750123763,-0.0708168553632,-0.224050900331,-0.165874789396,-0.152433872718,-0.154034249939,-0.264070512281,-0.705958455614,-0.513785265856,-0.858417538828,-0.97567811626,-0.680313090947,-0.525014629958,-0.762271239223,-0.480029900742,-0.416805518174,-0.102325703141,-0.52954394014,-0.233853106931,-0.336260990935,-0.322341870144,-0.224951008782,-0.315395513487,-0.321535142544,-0.802496418382,-0.344831131041,-0.542347268289,-0.465455650995,-0.423581920988,-0.198212784158,-0.292129346933,-0.272575289999,-0.557364326877,-0.371918031751,-0.231657429235,-0.547463744018,-0.391757266341
Pm,0.51024359442,-0.0255241779951,1.19611841924,1.43633414895,0.798933340618,0.105392815136,0.249097572872,0.306915420092,-0.0373413195204,-0.00474824509471,0.788845694044,1.34473451633,1.16900902317,-0.23572959937,0.59110930548,0.0901495228551,-3.85863822223,0.182417885488,-1.14223137892,-1.15868725033,-0.537706310529,-0.438758916911,-0.44337004887,-0.211951528808,-0.228118191846,-0.127502096842,-0.151928163115,-0.109565745255,-0.227412274362,-0.388790913376,-0.0777038341386,-0.0751954247545,-0.439106647038,-0.236261618149,-0.375464699506,-0.279732593453,-0.382272820443,-0.424279952423,-0.303492142224,-0.493193896922,-0.312988940325,-0.342767671352,-1.0259685816,-0.773798563439,-0.756078247678,-0.867823048267,-0.756415490091,-0.539954805474,-2.44185802246,-0.291632076791,-0.474116218359,-0.669384151118,-0.598027564366,-0.358096153379,-0.346836500533,-0.441568440546,-0.376584414371,-0.238004987427,-0.426166204907,-0.658562562894,-0.558388219206,-0.595122760368,-0.45523137426,-0.369641374508,-0.270552714505,-0.285554138111,-0.44603905527,-0.506477025971,-0.566611045297,-0.170003978598,-0.672655986459,-0.352755221811
MM,0.146091693254,0.640759498074,0.402004058915,0.109105404799,0.312199084259,-0.391072825662,0.448414821428,0.204337826945,-0.0475781095045,0.0801445794075,0.689854716343,0.392064722655,0.186075917022,0.174073131877,0.293168966877,-1.09273338335,0.298798406427,1.41428200255,0.225892329958,1.11715405605,0.303895250671,-0.133925275901,-0.0288404256358,-0.0485371696752,-0.0569467291879,-0.0250141515285,-0.0885835285361,-0.157554074811,-0.119559197098,0.134396355936,-0.0892840921969,-0.81452931521,-0.387814544842,-0.152262285633,-0.103339370659,-0.0966198820901,-0.0995895663313,-0.0245117534464,-0.132901111294,-0.179846087298,-0.0839015049311,-0.0281713318239,-0.0720024457157,-0.311930230493,-0.0916601731904,-0.144750029724,-0.144911501123,-0.0827204471199,-0.159295377787,-0.0430473437742,-0.134361634323,-0.0860146157394,-0.12819077628,0.00467226793695,-0.0591257725274,-0.167940612058,0.0410463533499,-0.191520243283,0.0632853612606,0.143426090742,-0.112071427986,-0.182524213327,-0.0424237245218,-0.106229192849,-0.0443362978735,-0.10252921646,-0.0808542510525,-0.00117610133612,-0.0245594802029,-0.0575667630855,-0.0765616676963,-0.0105333817943
Ps,0.601225842141,0.780245874571,0.665817812283,0.330019102726,0.579849750764,0.211715701467,0.504869621949,0.556380789537,0.23804004555,0.741465090378,0.703397812853,0.846138274041,0.911772781288,1.17656555344,0.343195867981,-0.444518074532,-2.10026787198,-0.44140788477,-inf,-4.50411797777,-4.89483434147,-0.340536641134,-0.346080662051,-0.369418311118,-0.439802811781,-1.53012588703,-8.08767196592,-0.482645959801,-0.417521454656,-0.344286696132,-0.439268385303,0.0184767487075,-0.111545302081,-0.360327535107,-0.249525078694,-0.424141480867,-0.240610488958,-0.239492126472,-0.230504237319,-0.431781614626,-0.293046528786,-0.255546347375,-0.459199563918,-0.384449040858,-0.299573617443,-0.471113797254,-0.248625949766,-0.253073234073,-0.448219437135,-0.387719241554,-0.390803600218,-0.320895777989,-0.252322058627,-0.336694979427,-0.235026600916,-0.28697241765,-0.279398833395,-0.166412771258,-0.368282176553,-0.349190068495,-0.362940560554,-0.305365221829,-0.382754903092,-0.350912748747,-0.23663236773,-0.0726286837636,-0.272291543246,-0.248790349307,-0.352934533717,-0.331221269113,-0.39544323031,-0.267745950798
Ps,0.951920389514,1.40021171392,1.04370249772,0.772100726081,0.874886484544,0.606448718244,1.39895342104,0.507230408718,1.14374603023,1.21347583714,1.31753992549,1.1534897921,1.05896425756,0.372626784109,0.634557224906,0.621846916947,0.338848054986,1.4014606198,0.354000220052,1.06394899867,1.74461087195,0.00998102345145,-0.14444791592,-0.320165306278,-0.378886183041,-0.170391815969,-0.419239201884,-0.471854060238,-0.112858074462,-0.204042677542,-0.717591134568,-0.0747761014563,-0.23887705125,-0.171185897038,-0.17124756046,-0.134076180995,-0.111493148536,-0.0239101632837,-0.249822991027,-0.261326219423,-0.0913467575493,-0.114974942044,-0.17894601236,-0.366158932261,-0.203108928872,-0.268146801153,-0.149258079805,-0.0112886476998,-0.236745362966,-0.217650801621,-0.234192327362,-0.0218906003957,-0.111389810939,0.128246062341,-0.128766556792,-0.0236047530242,-0.0940840787735,-0.0744851478909,0.0043796951183,0.001865458949,0.0052049308156,-0.146536936406,0.036889247398,0.0217583606612,-0.240376527244,0.0458324611416,-0.158165794623,-0.0716725264146,0.0313368322594,0.0689664844722,0.0173419552656,-0.168903881756
Ps,0.398280762389,0.85021007292,0.44301782837,0.24211053544,0.341564889879,0.608754952422,0.326270013332,0.249709062593,0.1632857704,0.510912459996,0.588032468023,0.557453050905,0.583814843206,0.762682151751,-1.47477254425,-2.47550244031,-4.38034668658,-2.96933138431,-inf,-4.99096501379,-4.67762210093,-0.202078975512,-0.0266710205995,-0.766646842387,-0.820566569591,-3.15240989675,-inf,-inf,-0.187460868462,-0.031506363809,-5.75769711757,0.414282784549,-0.204934312886,-0.238756552364,-0.142766015087,-0.260499476266,-0.000745617903955,-0.131592313854,-0.156774425506,-0.128308245608,-0.154292798259,-0.0971389169252,-0.319786137127,-0.292869383315,-0.179018561693,-0.190196115913,-0.134912139703,-0.0717849585941,-0.192041268522,-0.224402906469,-0.310486433246,-0.102346528949,-0.0447318781632,-0.100555345668,-0.0992307080416,-0.0933493285304,-0.133763430972,-0.120059022501,-0.0877893959315,-0.100183804644,0.0157552319445,-0.123933361445,-0.126867519913,-0.0666260531839,-0.0641792043662,0.175017614497,-0.0384632888715,-0.13577698637,-0.0529859155365,-0.0470797417762,-0.0575899610607,-0.0398348256818
Ps,0.790092386616,1.20394888404,0.822865682095,0.826696910516,0.841947156584,0.790297847447,0.806570727439,1.02303708681,0.0298228450491,0.574909272715,1.13894971781,0.592660767143,1.31274372593,0.900164886523,0.453022703453,0.0883160505329,-0.003264984265,0.744644296674,0.0969185220918,0.427120723443,0.315678392518,-0.475887561675,-0.573066324693,-0.436569719698,-0.452147522643,-4.80113876928,-6.61364856382,-0.505325162411,-0.450267435529,-0.395099561489,-5.74308930512,-0.0778807663537,-0.281457458951,-0.441242613112,-0.477573149918,-0.381961528967,-0.430533854803,-0.522578772219,-0.459727901835,-0.581196444189,-0.434726914207,-0.436499362344,-0.449077648833,-0.457560613655,-0.385995094945,-0.37326447818,-0.368152300388,-0.469729186908,-0.332148923621,-0.47495789739,-0.549534522585,-0.71869761047,-0.426164351945,-0.453581643217,-0.375135176079,-0.455881970885,-0.348472249638,-0.280513931735,-0.480570914856,-0.475457418153,-0.385309807714,-0.448537586193,-0.421742077148,-0.433480042377,-0.371519480904,-0.257740922602,-0.42881517644,-0.465824852508,-0.444879734061,-0.325860938117,-0.457100971692,-0.460714380225
Ps,1.12737562898,1.40435974499,1.90731488484,1.12602393305,1.28204134307,0.862679933094,1.00364567984,1.84587769972,1.20682603997,1.24257761631,1.98901456088,0.599663192252,1.29555066404,1.3569506395,0.671943564337,0.318142555436,-0.0766978321786,0.753860363161,0.239412727632,0.65942476801,0.198933642204,-0.284729449071,-0.233467106307,-0.317267613584,-0.284430458018,-0.285752867897,-0.368839750363,-0.396221754828,-0.260253926797,-0.163986240767,-0.361006913384,-0.174035330587,-0.281043953595,-0.187223664515,-0.312337809055,-0.241923865101,-0.196940104998,-0.377163508436,-0.320720079848,-0.28334789193,-0.27926381892,-0.37895030793,-0.127923398289,-0.370945268112,-0.238397097388,-0.194677165931,-0.241348905181,-0.22563207011,-0.218179107085,-0.250891270682,-0.329188773552,-0.601853236864,-0.236286606617,-0.265990380888,-0.274248626574,-0.241679115923,-0.259110112966,-0.296727916343,-0.207026604862,-0.360764652551,-0.287648486349,-0.271961070858,-0.122381600366,-0.138608660161,-0.153866726812,0.146854469963,-0.279265696384,-0.164064028431,-0.26862347351,0.161049059768,-0.13223060473,-0.147790109544
Ps,0.720268645976,1.16778919211,0.638603820954,0.204035509937,0.715279640706,0.418142278808,0.488413804688,0.363693843729,0.335521356106,0.752776672104,0.691671191824,0.950864240403,1.08883588835,1.17812497898,0.40046596653,-0.110445220889,-3.25303705681,-0.267789135508,-inf,-5.17833110644,-inf,-0.255709215513,-0.104227113756,-0.199536063845,-0.216670360196,-0.160200888819,-inf,-inf,-0.17109836904,-0.123056096337,-0.310185969695,0.193979669481,-0.112416036298,-0.208321283386,-0.0962863551084,-0.0502377569264,-0.102960098965,-0.14501942525,-0.222994074986,-0.211499334115,0.132696606788,-0.0394790425174,-0.239180648376,-0.254878223921,-0.105635509021,-0.072185465969,-0.117332337236,-0.00357152029247,-0.0962813672542,-0.0935756419852,-0.201914698914,-0.16046154149,0.0463691406175,0.133750431134,-0.0245723833182,0.0263817218272,-0.09081587036,-0.0614523974532,0.0315634905397,-0.0640324838627,0.0913396713943,0.00495918289998,0.0343847116018,0.0441780207591,-0.0244137962133,0.232974350271,0.0303935993325,-0.0212996454689,0.103915051478,0.0410172714525,0.00352836798223,-0.0129286763241
Ps,1.21559713919,1.09002297255,1.32128519591,1.1071984882,1.10484035394,0.618433063199,1.24217098526,1.15328521068,0.909550104806,1.26339702595,1.56204063974,0.727988751945,1.27156602075,1.28145665322,0.706867574006,-0.307301725289,0.436551157753,1.29650771846,0.383558296568,1.28900072056,0.432425261704,-0.138486931048,-0.0307580356345,-0.21275556872,-0.228269818197,-4.73006866397,-0.139969328878,-0.304109791563,-0.189923123634,-0.124881222031,-0.397439514513,-0.326103630881,-0.229531058069,-0.184866480367,-0.164342261346,-0.142967960162,-0.0757347900894,-0.134243611907,-0.185312336721,-0.102617359332,-0.189101416188,-0.0511083746442,-0.149504189834,-0.183601267274,-0.130825217621,-0.0920997627125,-0.0847801081225,0.0206762651713,-0.0975429525873,-0.0879692137507,-0.205969657976,-0.422907027868,-0.0276841440118,-0.00351985743643,-0.0392828982867,-0.115596076296,-0.0903454305928,-0.144310005151,-0.0660127592928,0.0223410693908,0.0299373713519,-0.0951633175891,0.00455809607872,-0.00635623814909,0.0673276591234,0.184855593409,-0.0154155514017,-0.00646174216104,0.00190578284169,-0.149745807206,0.0282756492557,-0.0345306184622
Ps,1.10156120301,1.25114299991,1.06388505138,0.776961857711,1.02606055623,0.594437223055,0.933556772203,0.994458600057,0.619088068751,1.04890636532,1.0590007765,1.08279698343,1.41487363038,1.34057584087,0.750277327334,0.740033867599,0.540857925539,1.21087087782,0.69460891171,0.926579262957,0.957712175489,-0.0278175965204,-0.00117521028917,-0.10631883025,-0.125353245022,-0.133822600736,-0.0943554057462,-0.0484748488865,-0.0313969975879,-0.0449856714384,-6.75653248122,0.133751305942,-0.224137445063,-0.0933148128737,0.0268715053712,0.0926275848618,0.0146175412745,-0.0440545155748,-0.0971829763936,-0.0712036813843,0.0493672357268,0.0333008212733,-0.118800563162,0.0187914299339,-0.0382981508448,0.0509081102137,-0.032235753681,0.105633078509,0.0226192451366,0.00935530237368,-0.0780410797679,-0.260713794243,0.174440583343,0.255729921184,0.125137524979,0.169401872605,0.0501468624856,0.00135408281593,0.0821682931691,0.0449833082319,0.244274080872,0.0846590207011,0.173262480322,0.179377560821,0.0792408478083,0.346103209554,0.175009052149,0.107704596153,0.228559737263,0.195254646018,0.136379009313,0.119454349344
Ps,0.0371457734926,0.388948523854,0.915022087485,0.0945183209123,0.255317726601,-0.117664218965,0.0982138691061,0.583660329946,0.36746440777,0.584441074651,-0.0640926472208,0.173245745937,0.227837875712,0.256516352559,0.484145719319,0.280284049438,0.114892996848,0.84093970437,0.16340535151,0.870995329903,0.548602102207,-0.27861807487,-0.193975978506,-0.263216919875,-0.300195952124,-0.246868577168,-0.327740997073,-0.198654520421,-0.225936435286,-0.222184236604,-0.250518165382,-0.224330793307,-0.40382952141,-0.318709056211,-0.26059875889,-0.313974864981,-0.193872945937,-0.329687113718,-0.288533594894,-0.288356446457,-0.269854701881,-0.35027925432,-0.189234637166,-0.262017418625,-0.264747309666,-0.244597704629,-0.240842431539,-0.175408157505,-0.315603088065,-0.304606567148,-0.286625071274,-0.294269803984,-0.219193612603,-0.167257408969,-0.301796318112,-0.256814676954,-0.182203739735,-0.137691060632,-0.285501012693,-0.292548025355,-0.353411916266,-0.100635639928,-0.209036241495,-0.232837309335,-0.0925529065783,-0.558263500189,-0.280663149491,-0.137462549506,-0.561742936212,-0.366630637806,-0.11920569716,-0.180040671991
St,0.046018230671,0.125612394966,0.304455926465,-0.441441160072,-0.262669459035,-0.60504757091,0.250110804216,-0.732557318053,-0.131295368676,-0.136502201109,-0.379500460994,-0.00646065516036,0.173624597642,0.173655279524,-0.121287298419,-0.26883481641,-0.104100065914,1.11319215071,0.169474468554,0.568507737118,1.35993049339,0.075918460801,-0.0684837546803,-0.0633795769729,-0.0957234461871,-0.00136926701836,-0.0767911023765,0.0953208161114,0.0496716802818,-0.0570759501813,-0.037123062761,-0.096828054193,-0.0683227603473,-0.0920306981875,-0.0555293062625,-0.0839423965858,-0.0226683772378,0.0313931382356,-0.198390489331,-0.363510970704,-0.117139752607,-0.0617000361172,-0.015080176441,-0.0929213593093,-0.0916357766992,-0.168643386935,-0.00625227479912,-0.04814652435,-0.0284338886941,-0.10461784706,-0.0854321337419,0.348956765279,-0.180406635427,0.0725615627932,-0.126526725544,-0.178387573065,-0.0426935886103,0.0432299730116,-0.0208779760765,-0.187605391696,0.00826405840946,-0.120588655229,-0.0523607691993,-0.00732044922535,-0.0117157218392,-0.228083080728,-0.19458063315,-0.0979215424458,0.155882265481,-0.0529981784558,-0.0120177041975,-0.220290300708
St,0.105750219713,0.123192113516,0.27640424111,-0.227037673576,0.239813118838,-0.402210006704,0.101351711127,-0.136041179506,-0.0994792221972,0.283493989663,0.159805802294,-0.297269929407,0.38907702063,0.373861741168,-0.0871077161756,0.000744422848543,-0.113431319374,1.28593658863,0.0210121895983,0.723998690584,0.152359304844,0.0125723359361,0.137715676287,-0.0150800647696,-0.0187155993252,0.0395691139931,0.0430348722992,0.109613847404,0.0556298628676,0.0784451245246,0.0595563808619,-0.469941103201,-0.113498382905,-0.0362165844699,0.0122225987811,0.0045453542084,-0.020022784729,0.0343730205168,-0.050225885324,-0.152979690703,0.0418238604849,0.0729369367593,0.0248812777188,-0.0477438432541,0.0345687557122,-0.00356163509895,0.00151305475512,0.129800140152,0.111763890225,0.0601171989816,0.00166690993337,-0.0434253177274,-0.0308807602431,-0.0559603682538,-0.0121520378322,-0.100924380981,0.0628868140702,0.0128474173712,-0.0768105392621,0.110877648254,0.143912274342,-0.114275491787,0.0190435157145,0.000294156731666,0.0597997169701,0.179848083613,0.0170645685066,-0.0183961360689,0.368015130277,0.10802796485,0.115674592229,0.0404210501528
St,0.0455273230786,0.0530379865267,0.28709635095,-0.399658663184,-0.128714850808,-0.111575958231,0.0493178344508,0.039776424102,-0.103737012031,-0.0512153921589,-0.0266206974019,-0.222281060866,0.0447944777503,-0.0601812969744,-0.104515783655,0.0053577217421,0.0733780558296,1.20063771911,0.0298884566374,0.667955723567,0.228129739591,0.0382947076194,0.387933659731,-0.0409731309408,-0.0143238178203,0.042115365755,-0.0287639339331,-0.0496149562169,-0.0922001389987,-0.0823377083408,-0.0250205085924,0.327117401996,-0.296755579161,-0.0666392006873,-0.0917695592055,-0.0151458819847,-0.166976591302,-0.0437293835494,-0.135486834684,-0.223856192683,0.0266081426443,-0.140832806045,-0.082590780422,-0.108714433759,-0.107016107616,-0.0480026093721,0.00640822340673,-0.112491760426,-0.0622561570465,-0.03822341542,-0.0874873629803,0.025083853119,-0.180959504808,0.0140991383795,-0.15889778787,-0.142687559823,-0.0695317559448,0.000459094599945,-0.0291651688253,-0.34211670269,-0.0315583680414,-0.229861566732,-0.175578804328,-0.0822041285282,-0.0597535500596,-0.048668416081,-0.138688645564,-0.157661065695,-0.0472363245038,-0.0180701155617,-0.126833269506,-0.134818918273
St,0.188507881964,0.20243410338,0.342910608608,-0.293918961473,0.037701675384,-0.0676272650663,0.0888211716562,0.243890046752,0.0913583817258,-0.0486325740874,-0.067497090725,-0.146992537236,0.240261558633,0.0324803555881,-0.16023944714,-0.146371220112,-0.0209716967917,0.975309811379,-0.020893180333,0.698200142817,0.141788235881,-0.0814450396482,0.263417632557,-0.110080001599,-0.110856982483,-0.0382263349112,-0.0596797202516,-0.107654177423,-0.0957960898395,0.0339998968396,-0.124412943757,0.178968441381,-0.333979097078,-0.144559418382,-0.0898295041825,-0.10776839004,-0.0923472127299,0.0603860992545,-0.184248203587,-0.211224812513,-0.117228844249,-0.0936916952573,-0.0800087057516,-0.149863501258,-0.130232383202,-0.0520873042668,-0.0441601955352,-0.129151762933,-0.0782342813626,-0.0902870926564,-0.179285781426,-0.209865483821,-0.262935698705,-0.141450391003,-0.175436163612,-0.242043536115,-0.137676531856,-0.115721730357,-0.0734579357808,-0.284826712874,-0.063851514514,-0.299766934463,-0.289114871752,-0.213695524813,-0.139225228932,-0.0567256651362,-0.234827329094,-0.228247014356,-0.109472870923,-0.0366678536737,-0.174146991779,-0.204992753223
St,-0.193383397986,-0.0136001846735,0.183996486649,-0.667042219462,-0.288130759764,-0.618118894882,0.372960442402,-0.547494258909,-0.107225442442,-0.0643020371021,-0.347966812868,-0.308521608352,0.300293611622,0.0539779225464,0.092034000804,-0.246956146546,-0.0258141670475,1.08739706584,0.423733683531,0.557555323779,1.45148775372,0.00412149495917,-0.0196338691366,0.0935316901378,0.035512596579,0.0132458846445,-0.0670080532568,0.0430548917487,-0.00601901800005,0.0707469588425,-0.00516669440796,-0.0883540598031,-0.0751311184664,-0.0999505426539,-0.139952949616,0.0580915339035,0.0697243638811,-0.0552910220313,-0.127758601578,-0.293715369575,-0.0724240906782,-0.00168014064616,0.02909607384,-0.0926193523299,-0.033635524995,-0.15102495666,0.0132815089865,-0.0929519436303,0.00017908396351,-0.0492918039696,-0.146074564616,-0.151071990525,-0.0452856083054,0.057529767102,-0.0319768327224,-0.401689479772,-0.108736965008,0.0497076479144,0.0265408547576,-0.121947262777,0.0705206238787,-0.207819110162,-0.0925007688974,0.0394039655923,-0.0351353607811,-0.110780398948,-0.0240396098431,-0.0466466017418,-0.0467760493611,0.0498114520012,-0.0325144417438,-0.0684649180218
St,0.237020262846,-0.0642512770628,0.51170797438,-0.277257451452,0.0573672753602,-0.188528983062,0.365332667458,0.24301684278,-0.251710349505,0.114055742366,0.0804523468369,-0.00160274370779,0.340737413523,0.145952134844,-0.0688640012197,-0.124186110406,0.184923086546,0.996697828535,0.165633668658,0.55238375687,1.06079802334,-0.00109223627293,0.182631925291,-0.0235667675918,0.0219953196276,0.0473417824375,-0.00904303527031,0.0129244187177,0.0217061086432,0.00834835530596,-0.0323405327689,-0.154320685944,-0.167897556649,0.036092942158,0.00580790144121,0.0372010789105,0.0766315424129,0.105188410849,0.0421396220677,-0.0663133645741,0.0172790536041,0.0969225156557,0.0561078955721,-0.0401231450225,-0.0538105442146,0.0182690991015,0.00917607079515,-0.0563227736727,-0.0192050520798,0.0080475315793,-0.0530556991424,0.447897133832,-0.0733170035134,0.0506313253344,-0.0473527108007,0.0127154153721,-0.0138691536186,0.0597253941029,0.0877268626354,-0.10951053732,-0.0529908923867,-0.0695304588183,-0.0230227001706,0.0397664296076,0.00362980428246,-0.117761085897,-0.0516877827142,-0.0351687749537,-0.0026534071733,0.0323378497308,0.0359921415357,-0.0103837146504
St,0.0841015057511,-0.122720487334,0.266464845581,-0.36652828621,0.0506238153365,0.433309431762,-0.094866053443,0.236906565042,-0.52232225753,0.0991143891609,-0.451102286416,-0.246559489513,0.183255953443,-0.0607555203833,-0.0725199414345,-0.144231763659,0.159781511185,0.867443874098,0.363352558958,0.548698814033,0.594219816626,-0.0013127412679,0.0829040869436,0.0530547720744,0.0689586442345,0.0740386268923,0.057322422612,0.132566289562,0.0893093014045,0.0572499929798,0.0420121979471,0.311993417247,-0.0846651061824,-0.0868793057114,0.0528372968021,0.14782862339,0.155184916249,0.00805913773368,-0.0645208679601,-0.0922006434276,0.117672985157,0.175962715481,0.0686913860448,0.0251601130511,0.0505456699861,0.0920397468546,0.0543218835779,-0.0278704375317,0.11954885346,0.0873232783433,0.0543320177875,-0.264779601046,0.0526317282852,0.173061228667,0.0564738073282,0.0706622639423,0.0588665596834,0.0673245739856,0.090034012554,0.00311275036199,0.129012196423,0.03703447893,0.0748118814943,0.122300018711,0.0118480340254,-0.0197839888699,0.0748082626074,0.0712314174057,0.456642135737,0.0912405464321,0.0762216938122,0.0799703973669
St,-0.939842254505,-0.0371189633775,0.609536523652,-0.907181422898,-0.271582515287,-1.37671522786,-0.175781847385,-0.0431708028956,-0.31828467166,-0.158256075443,0.260446580733,-0.20262430585,-0.195958279689,0.258243941429,-0.318405356039,-0.402494509708,-0.169986791757,0.744291001277,0.406812599833,0.668466451649,0.600550580665,-0.021042529257,0.0941377655225,-0.051294325967,-0.0386294000134,-0.000943885319627,-0.0965744816972,-0.0203713643965,0.0157055201132,-0.0516202846852,-0.121030077847,-0.0996268401914,-0.19164263135,-0.0456348703487,-0.117954679136,-0.0929456774446,-0.090778715415,-0.257471508543,-0.129865172857,-0.389888057765,-0.0851440415462,-0.209167263729,0.0521648444774,-0.0900414867753,-0.0265786537985,0.00170694234466,-0.0259761785088,0.15907672691,-0.0624087480486,0.0120379522347,-0.0523336564291,-0.0706361673869,0.0250999442537,-0.0172517697015,-0.143516022123,-0.0360169012439,-0.0443179524329,0.126864254067,-0.137527675709,-0.328465053844,-0.0301679715475,-0.192584521312,-0.0505108952784,0.0272548881325,-0.0628338309479,0.304608434908,-0.00484014462449,-0.0795068645964,0.000130591472563,0.121773463299,-0.047632823147,-0.0344125580793
Ent,-0.396553232104,-0.58057905226,-0.385112455633,-0.808410904848,-0.282055557682,-0.499897981858,-0.340749711989,-0.226571921465,-0.632484837102,-0.3852174622,-0.473937998737,-0.454753608176,-0.31259717179,-0.339809188056,-0.405937414627,-0.189322945415,0.100473825211,0.636855679078,0.336356372766,0.843131823063,-4.23755351171,0.111610245349,0.07977162478,0.0835315376992,0.0615788017361,0.115025459257,0.0680329709298,0.0950064973338,0.166423516666,0.140331171638,0.153006454022,-5.55470092117,-0.127181413626,0.142434368262,0.165475539416,0.0766998959296,0.108962022439,0.11831755944,0.0627473554577,-0.311476842557,0.184534356745,0.104930933401,0.109221691714,0.0849670554543,0.139699244758,0.0945616269813,0.149260341592,0.17474727756,0.0959125438012,0.129616213303,0.057630213636,-0.184931038532,0.199909069135,0.0712668041413,0.17719585949,0.174656253276,0.120322120561,0.0802499784991,0.126653972292,0.0970208975102,0.15870392662,0.142042210153,0.241437825932,0.250203389083,0.157664129001,0.0419814181289,0.214698633159,0.102198852865,-0.116376772408,0.0796389338602,0.171144155064,0.17309083446
Ent,-0.170633481249,-0.386599022171,-0.0849776536802,-0.488676144639,-0.156114774065,-0.424587149555,-0.32823175683,-0.273710372805,-0.464905415252,-0.135675564004,-0.301223694411,-0.46076761286,0.116204457023,-0.0546787976895,-0.393607043681,-0.132529163595,0.180407643096,0.973711657921,0.0111128232138,0.685062235293,0.346572273382,-0.0237261625037,-0.0162367149256,-0.0485892273586,-0.0500671201308,0.00129386259867,-0.0605753024077,-0.00644412886953,0.00550213545302,0.0251716197993,0.0211664028138,-0.0681371270264,-0.00938017662199,-0.0121418144001,-0.00255879091502,-0.08156601899,0.00639153058135,-0.00212889448863,-0.0259315039495,-0.396471259291,0.0416451756137,0.0224672113917,0.0192167694405,-0.0201773504961,0.0309481279436,-0.0513738344729,0.0189344073651,-0.0604034344052,0.0390438705945,-0.0139292531761,-0.0694515945414,-0.339943919946,0.0285372126354,-0.144731953947,0.0222247895306,0.00116661923507,-0.0294699752868,-0.0561514551107,-0.0392706984025,-0.0311858425541,-0.0886452637833,-0.0359723149164,0.041964349784,-0.0360918555374,-0.0198609697981,-0.194042572304,0.0513357784851,-0.0356624528767,-0.43896996951,-0.155426061114,0.00763448302961,0.00897163426408
Ent,-0.795989270117,-0.189590358642,0.144255916287,-0.972123789093,-0.115375543493,-0.415608357369,-0.189042193768,-0.0455791669433,-0.355630774987,-0.269501858596,-0.178826806554,-0.431445997421,0.0237954297544,-0.0867717184373,-0.1420777979,-0.211041514764,0.221766123095,1.13982096042,-0.0626333398153,0.786994791331,0.695111300413,-0.0585934971973,-0.0667766505484,-0.0317704791969,-0.00898413676904,0.0241592020596,-0.0849453526884,-0.0395841880023,-0.0346814074083,-0.0255040304508,-0.0142488646261,-0.107334763203,-0.113823548532,-0.114850795129,-0.0689168065228,-0.104635189881,-0.0123235742688,-0.0629609501573,-0.0837813518691,-0.300456411331,-0.0755461797248,-0.0735377409203,-0.0317089262023,-0.0334365012077,-0.00817742418138,-0.0518946751807,0.0325271108979,-0.0607519605487,0.0459738210432,-0.035444986987,-0.0744798797643,0.0127429624785,0.00567287875312,-0.0182027493836,0.0559310832,0.0340979990453,0.0191948936439,0.0533177088771,0.0206997737595,0.0609989517462,-0.0344585343479,-0.0407043243603,6.41979392682e-05,-0.032854021217,0.0280322979206,-0.112561704312,0.0317531889295,-0.0339917281553,-0.390794716467,-0.210813899825,0.0175780960367,0.0151952649785
Ent,0.0345755178428,0.199028220065,0.0610570929932,-0.410758940747,-0.211367042405,-0.176320403788,0.151253744903,-0.0772237920521,-0.130485498929,-0.0250387084746,-0.248815960624,0.0321109795578,0.350753205001,-0.174263367387,-0.140679818995,-0.099456556154,0.303564304443,1.03164504279,0.0893629847913,0.977235867027,0.907705584734,-0.0230261384301,0.210832561096,-0.00814731945555,-0.00531282811099,0.0840548942316,-0.00238838993387,-0.0253914106929,0.00954539739353,-0.0910353787996,0.0375960286833,-0.0925720598785,-0.0980086183169,-0.0505977153061,0.0929293478719,-0.0769241770156,0.0546893014225,0.0578374943237,-0.0166344789821,-0.0996704017714,-0.0990774731511,-0.0155477320153,-0.0179022533511,0.0081717203599,0.0614354929715,-0.018705675368,0.0549401664585,0.0490387999237,0.0346276813131,-0.0411762864409,0.012715020426,0.0942996694106,0.0528986650902,0.0910549573549,0.0884052134814,0.0668237205793,0.0738664429879,0.037287981245,0.000319149066518,-0.0137746666119,-0.095432220251,0.0494431889975,0.0339849148675,-0.0339606706646,0.084000557351,-0.0855989785305,0.0523874955311,0.0883330781577,0.410460079111,-0.171096719657,0.0337972829065,0.0611286829915
Ent,0.142857060595,-0.0420163428871,0.427175913674,-0.162019724709,0.184862908157,0.00886300725779,0.137824762906,0.44082768308,-0.304707601059,0.0861571455712,0.263473111008,-0.00358478768039,0.677972018015,0.396692743181,0.688301760449,0.543504930805,0.527252618845,1.5737730346,0.20128183595,1.06173849667,0.490487886924,-0.0945764510491,-0.134236921451,-0.107711354493,-0.107765215744,-0.0545818114269,-0.0940745095594,-0.048459859726,0.0429071790112,-0.0224270057668,-0.00624168887518,-0.0902284079072,-0.115596289579,-0.143622294957,-0.0791597509279,-0.0511100164471,-0.0161359165041,-0.0705719175242,-0.0615817872532,-0.397806227355,0.0109180802544,0.0225189347904,-0.044261465224,-0.107719339942,0.0208472775375,-0.081497482846,-0.0470540820325,-0.0674742929683,0.10409169104,-0.0504290469044,-0.137565897448,-0.0898074058742,0.0549387466448,-0.138746453159,0.00342074258309,-0.0279552830659,-0.0556256549975,0.0225539370093,-0.0397309961255,0.00576942481533,0.0730249716346,-0.0339679849168,0.0907511669163,0.0509382363619,-0.0367778082767,0.0318983933597,0.0942347835912,-0.0804291239894,-0.384083448728,0.159181034921,0.0553228747127,0.028705817194
Ent,0.14670931859,0.936525148289,0.151542194973,-0.210783057931,-0.0982426412697,-0.078643514501,0.242236907529,-0.0404212623241,-0.190087763863,0.00038092743793,-0.283216020126,-0.0285767536092,0.336110885628,-0.114631581708,-0.178433198268,-0.122331873449,0.267093295721,0.328612501093,-0.069267251983,0.855685882362,0.803516401684,-0.04126135144,0.17475424679,-0.00421598478749,-0.0462006732968,0.0248646953443,-0.0276890170798,-0.0344413835656,-0.0355750546492,-0.127438642607,0.0067038787066,-2.19116483472,-0.0616650641389,-0.0658756600428,-0.00247620326236,-0.111397881709,-0.00875939170281,0.136002885967,-0.00133173636736,-0.115584446825,-0.147653753964,-0.0351828411421,-0.0173890978031,-0.0198286140338,0.0187093828634,-0.0225460937612,0.0277798421892,0.0461838182178,0.00266424773799,-0.0524896307653,-0.0338375261392,0.103780117486,0.0251447055029,0.000455596200288,0.0468317715794,0.00518125409083,0.00199700465818,0.00994141992238,-0.0543077807579,-0.0274841117011,-0.0757621241244,0.0133688375309,-0.0492743548708,-0.0821288070666,0.0514413134322,-0.0668975788608,0.00863431677153,0.022687579464,-0.0243818768737,-0.178605928299,-0.0763520374165,0.0090707362024
Ent,-0.42494243572,-0.17035292349,0.111275507551,-0.917438114866,-0.119206406919,-0.0850934537444,-0.115971423866,-0.0725928758766,-0.266562508776,-0.353588910642,-0.0472666438162,-0.358707579773,0.337483154043,-0.218794945222,-0.209477607157,-0.0709790676693,0.339937724874,0.872273847457,0.0307951250581,0.954718977262,0.703620691362,-0.00746379494748,0.263931727663,-0.011361902652,-0.0269931901407,0.0435658746358,0.00851296169923,-0.0190926705751,0.0437642219211,-0.0522549882458,0.0094825977207,-4.45495343392,-0.112060320422,-0.0347295391903,0.00118519737603,-0.0506817130205,-0.0129004035417,0.0150660351771,-0.018907352774,-0.0349038020367,0.00548343843433,0.0805209010132,0.0198403716819,0.0102194035608,0.0761096602958,-0.0263042533359,0.0341584020201,0.084699631965,0.106097514008,-0.033451008358,-0.00288608072729,0.0537827281744,0.0636482812416,0.00804157965301,0.120739195241,0.0966047959725,0.0587159779847,0.0319407205021,0.0552450010994,-0.050510316784,-0.0373093793161,0.0821717012959,0.0584488919259,-0.0210453990171,0.128770100642,-0.0565045441299,0.0843062213532,0.0833751489182,-0.00738833666482,-0.165255682758,0.0489525319395,0.0715680063127
Ent,-0.0256461593216,0.0257892793242,0.148405953295,-0.0761449546253,-0.057361638018,-0.0385260904595,-0.0839197645884,0.02019882331,-0.219426343699,0.0352194495333,-0.0598040292197,0.116902114426,0.385801507147,-0.0873378266322,0.508716280665,0.42616857136,0.217101011889,1.47210070401,0.286114444365,0.931864902423,0.630059553034,-0.115728432799,-0.277420001416,-0.21426847656,-0.142617379759,-0.115405352088,-0.186608303779,-0.139545797236,-0.0866745464507,-0.084998469702,-0.0994763060693,-0.127137579538,-0.37742577521,-0.15708777554,-0.113501340211,-0.191039386888,-0.0152669287463,-0.0895950135242,-0.129601240087,-0.517195619176,-0.12264916232,-0.10819301228,-0.105138073733,-0.145266818441,-0.102306063029,-0.115268639402,-0.0972191577438,-0.0694771172865,-0.152126401728,-0.142914164912,-0.180309530278,-0.490762409511,-0.136234127438,-0.144472376069,-0.124140550646,-0.159091609475,-0.134387187284,-0.0904286857072,-0.231303137882,-0.252945062757,-0.13493455946,-0.171426246832,-0.0997532657082,-0.116194154846,-0.140929974759,-0.173960666651,-0.0628070396838,-0.230488622929,-0.544995521788,-0.134734435991,-0.204935442136,-0.157006574014
Ent,-0.403177237282,0.0311754559175,0.00489271114414,-0.78208720893,-0.259592906231,-0.467782545679,0.186704686829,-0.269425135852,-0.223066979246,-0.356490346692,-0.529796895734,-0.259712921386,0.325702883318,-0.237752468801,-0.277317160882,-0.340213522511,0.105738794102,0.507148391025,0.165226346136,0.679623800462,0.644631603688,-0.110447219919,0.152216839735,-0.0880393961294,-0.160812492173,-0.0490605362167,-0.103616637098,-0.136459721712,-0.141043653416,-0.120359202376,-0.106614824196,-0.122007963106,-0.0828493701685,-0.108925016505,-0.0645565693004,-0.1643267155,-0.163688895995,-0.108617056881,-0.0488539142014,-0.162215457903,-0.175647688677,-0.210856250334,-0.147412560361,-0.0675174069489,-0.0426504776772,-0.130299569168,-0.0850776006681,0.0565661384795,-0.0818002078393,-0.159697184954,-0.0739705754392,0.446331325651,0.00507818416904,0.0301862752421,0.0601593841984,0.0416328976494,0.0275329652109,-0.0174782790876,-0.0432402703603,-0.0094119840878,-0.18224610764,0.0470658212014,-0.0354224835685,-0.115796717194,0.00771565761197,-0.0860761271994,0.000190181914273,0.0265836040264,0.0299065087749,-0.00249827809956,-0.0789361784362,-0.013930581552
Ent,-0.101130331074,0.0124540256751,0.181215278427,-0.643390588295,-0.20949115829,-0.41020735983,0.0372171689368,-0.0821846733784,-0.255464658585,0.0267539013085,-0.427837182107,-0.227124778392,0.0640323618105,-0.128101657495,-0.225486656743,-0.274529626322,0.198598695807,0.920562833439,0.127720605152,0.87287040628,0.821648436985,0.010982570188,0.186298305703,0.00828706720864,-0.00988066338,0.0774940472113,-0.0170281393499,0.00506883173924,0.00609240356293,-0.0564451847189,0.00547220016446,-0.0856560086437,-0.0883456813233,-0.093815296699,0.0164768087702,-0.045650392914,0.0377302760805,0.0432025826704,0.0331435344532,-0.149316350716,-0.0700478885361,0.0143617742315,-0.000438065936873,0.0108899882467,0.0492145502954,0.0399621689762,0.0314829692617,0.043324205378,0.0469476105668,-0.0177169524289,0.00818451529239,0.172518580917,0.0571903077758,0.113248503521,0.127156918767,0.0823838113045,0.0846252073499,0.130810256189,0.127090519664,-0.0244724628251,-0.0276903638602,0.0637586233463,0.127707227554,0.0684143441723,0.124815229498,-0.0713031094614,0.0810576386107,0.127437349103,0.0846431248931,-0.0619526513825,0.0857689888784,0.106388137474
Ent,-0.240655328862,-0.3053325429,0.0753535461043,-0.690808617132,-0.287167884669,-0.387248178543,-0.30281624516,-0.0527311908232,-0.401398214144,-0.15854728575,-0.331276211372,-0.347032510552,-0.108066050095,-0.117326107564,-0.17555926869,-0.304771440766,0.286783518873,1.01646734228,0.0761042853368,0.765924203107,0.742277762971,-0.0179788553797,-0.0316240918847,-0.0275669507954,-0.0148261867423,0.0687984659247,-0.0469269669998,0.00814305514947,0.0375303429746,0.024963405191,-0.00425269992327,-0.124401426467,-0.0617971620982,-0.0982857895431,-0.0411679918704,-0.0820067067243,-0.01478925388,-0.0516694388052,-0.100767645718,-0.439588929311,0.0136002952847,-0.00359662009089,0.0189739507052,-0.0438079584935,-0.0139911208599,0.0142914884379,0.0583170201741,-0.0692862645225,0.0359132302262,0.00553833507005,-0.0548383390607,-0.293724625292,0.0685421832756,0.000752017164198,0.0600787787536,0.0173953202917,0.0163928992062,0.0522179967185,0.0928531638111,0.0199417352673,0.0083771137979,-0.0444429798821,0.0693744653374,0.0786305726185,0.0435605133523,-0.0154671520655,0.0891752175305,-0.015209033223,-0.323970553336,-0.130463611652,0.124457423404,0.0311349381273
Ent,-0.283039293515,-0.00377912189422,-0.194840998989,-0.357159032519,-0.321518867604,-0.384438641773,-0.0545201582752,-0.118057605847,-0.250097967041,-0.193784538447,-0.455598144277,0.159656466557,-0.0830868589038,-0.232621386936,-0.895950357033,-0.510116558545,0.181139942296,-2.93350462668,-0.113214858186,0.788548810728,-3.8618618767,0.0437459396234,0.219550383612,0.0448346370911,0.0194936580015,0.0427953741253,0.000204279133597,-0.00839302308662,-0.0603560053971,0.00263831658003,-5.97023623071,-4.71731548857,-0.151846471555,-3.48100861113,-3.9594445416,-0.0770568481255,0.0992350130145,-1.46227831336,0.053680567582,-1.09865228947,-0.0907134539553,-0.0217599804627,0.00942999748344,-0.038515510667,0.00648443056365,-0.022167145768,0.0256849005976,0.058375223227,-0.0326221635453,-0.0428880022452,-0.0796529169851,0.0405481970411,0.00862499754129,0.0470146841753,0.0525334350951,0.0598193094041,0.023252356407,-0.0203072638038,0.00910016758657,-0.0352632335162,-0.132819623135,0.0556691164981,-0.0169590247688,-0.0303011890424,0.0400011777423,-0.0323094335617,0.0115661534213,0.0507547093767,-0.00285270509676,-0.11665653165,-0.0384960869583,-0.00499192897066
Ent,0.0504002006981,-0.0584678649146,0.2779936408,-0.397417879084,-0.109845725858,-0.217244050143,-0.124912788295,0.190441996595,-0.29236834255,0.0250132441094,0.0678094782199,-0.314979411064,0.122078773526,-0.0170953259459,0.457567241964,0.376135159678,0.227158839245,1.01283189916,0.191520863125,0.857792682299,0.577756418634,-0.114190855269,-0.092818990395,-0.0778792097239,-0.0811587877593,-0.0690186432476,-0.141594209953,-0.0890563100772,-0.0294872264032,-0.0944896295478,-0.0858647981988,-0.0872494162278,-0.271387696454,-0.096897175416,-0.064066941682,-0.184277636671,-0.0390097418093,-0.0601977160787,-0.0833134590874,-0.363331363109,-0.062641367206,-0.0204033396877,-0.0424370688843,-0.107133408526,-0.0369664886276,-0.100279015045,-0.0360695034341,-0.13212168958,-0.0522679060093,-0.079201022823,-0.10976766846,-0.387262362882,-0.0851265434957,-0.220995734525,-0.073443363824,-0.114277935703,-0.139024107143,-0.103411205687,-0.0995878761151,-0.0920540736762,-0.168898186702,-0.110208269273,-0.0573135058661,-0.0856818938714,-0.0852155177832,-0.223041044068,-0.0646783495798,-0.126838230463,-0.0812989096983,-0.14841518593,-0.0651847032016,-0.0745973257138
Ent,-0.137367093816,0.254490656501,0.115858162053,-0.324914157304,-0.65602931145,0.0317893224894,0.313616669558,0.0779076300165,-3.47772521625,0.221529769869,-0.646541247707,-0.0992490509824,0.312936502803,-0.0913662822027,0.686750968338,0.525461041647,0.654860978615,1.83595739089,0.603401395755,1.19447149955,1.0068021798,-0.0288111230233,0.181399465131,-0.0415996822577,-0.0684739240206,0.0670689419208,-0.0749266271603,-0.150730731191,-0.00971424082461,-0.104072145963,-0.0928625856083,-0.0185260117167,-0.21114945641,-0.10750883275,-0.0165276929525,-0.103293508944,-0.0517744838248,-0.10364951359,-0.134904060016,-0.225055803504,-0.0837151536894,-0.0600428498286,-0.0806595778989,-0.0878899191584,0.0436415996949,0.0969922189285,0.00218570959552,0.0441657738539,-0.702534806761,-0.113676385748,-0.0794822539238,0.473099768755,-0.0419536762973,-0.0937521321911,0.0364009721869,-0.0421573231749,0.00866455410136,-0.0588594244444,0.0341338546912,0.0507527132999,-0.0713946534575,0.0425527518952,0.0616134974236,-0.100242081663,0.060521840064,-0.0157761211631,-0.0280305096758,0.0069512837483,0.247984679705,-0.146710195676,-0.0604289715822,-0.0174584049337
