,Ps.0,Ent.1,Ps.2,Ecoli.3,Ent.4,Ent.5,St.6,Ecoli.7,Pm.8,KECS.9,Ecoli.10,Ent.11,Ecoli.12,Ecoli.13,Ent.14,MM,St.16,Ecoli.17,Pm.18,Ecoli.19,Ps.20,Ecoli.21,Ecoli.22,Ecoli.23,Ecoli.24,Ecoli.25,Pm.26,Ps.27,Ent.28,Pm.29,Pm.30,Ecoli.31,Ecoli.32,St.33,Ent.34,Ent.35,Ent.36,Ecoli.37,Ps.38,Ent.39,St.40,Pm.41,Ps.42,Ent.43,Ent.44,Ps.45,KECS.46,Ent.47,KECS.48,Ent.49,Ent.50,Ecoli.51,St.52,St.53,Pm.54,Ent.55,Ent.56,Ecoli.57,St.58,Ps.59,Ecoli.60,Ecoli.61,Pm.62,KECS,KECS,Ecoli.65,KECS
Ps,1,0.54018826937,0.535612535613,0.517148621385,0.543201133144,0.587357954545,0.582655826558,0.511288180611,0.52633969119,0.538231780167,0.526478679505,0.538004750594,0.523355263158,0.526816883529,0.541984732824,0.523953388002,0.55295735901,0.529332434255,0.535772357724,0.516767805813,0.535139964264,0.526224982747,0.527532290959,0.51217003771,0.533942161339,0.513936097893,0.52210175146,0.554953806945,0.561643835616,0.520134228188,0.532780082988,0.525084745763,0.515945689927,0.548993288591,0.531377899045,0.545646067416,0.544985250737,0.518112329678,0.545872967168,0.553713049748,0.543447293447,0.513802315227,0.545775778991,0.519123997532,0.549033643522,0.53361618799,0.527399333939,0.554112554113,0.535724292519,0.552649690296,0.564157706093,0.525636891325,0.557807807808,0.563328424153,0.531687242798,0.526224982747,0.59849198869,0.518505942275,0.580213903743,0.541225537376,0.525407779172,0.525467440361,0.51894918174,0.524612272421,0.528705806033,0.541425260718,0.520220588235
En,0.23024691358,1,0.259259259259,0.329858776059,0.499291784703,0.511363636364,0.49593495935,0.321381142098,0.445049954587,0.262544802867,0.336313617607,0.453087885986,0.29375,0.279276420184,0.519083969466,0.400517911092,0.508253094911,0.333782872556,0.317073170732,0.267326732673,0.237045860631,0.344375431332,0.325628823929,0.326362701406,0.306240487062,0.31033310673,0.367806505421,0.24689391526,0.509012256669,0.342281879195,0.373443983402,0.319661016949,0.313545942532,0.51610738255,0.490450204638,0.547050561798,0.516961651917,0.302426055168,0.240257747775,0.508291276136,0.500712250712,0.406500445236,0.268872470286,0.253855644664,0.496778811739,0.2522845953,0.290039358159,0.508658008658,0.253292238722,0.467997247075,0.503225806452,0.308610125766,0.506006006006,0.503681885125,0.343209876543,0.344375431332,0.507068803016,0.324617996604,0.526737967914,0.25954443375,0.281367628607,0.262088974855,0.385012919897,0.335131490223,0.287058060331,0.280417149479,0.336029411765
Ps,0.522222222222,0.593048515568,1,0.522528581036,0.583569405099,0.579545454545,0.569105691057,0.527888446215,0.554495912807,0.520609318996,0.52613480055,0.563539192399,0.517105263158,0.527768962234,0.540596807772,0.53560638757,0.581155433287,0.532029669589,0.504471544715,0.53912488023,0.513103037522,0.524844720497,0.530251529572,0.523140212547,0.514459665145,0.535690006798,0.52210175146,0.547626632686,0.571016582552,0.513422818792,0.53153526971,0.509491525424,0.514682664983,0.609395973154,0.549795361528,0.582162921348,0.56784660767,0.507477567298,0.556919300399,0.579668348955,0.594017094017,0.529830810329,0.554449084484,0.523133867983,0.568360773085,0.572454308094,0.526188313654,0.566378066378,0.530961053516,0.562973158981,0.597849462366,0.52176717188,0.566066066066,0.568483063328,0.540329218107,0.524844720497,0.57492931197,0.525636672326,0.586898395722,0.559191530318,0.510978670013,0.511605415861,0.521533161068,0.512811867835,0.50729808628,0.524913093859,0.532720588235
Ecoli,0.474691358025,0.710354815351,0.491927825261,1,0.684844192635,0.686789772727,0.727642276423,0.702855245684,0.707992733878,0.602150537634,0.729367262724,0.687648456057,0.666447368421,0.570929863535,0.697432338654,0.707811825637,0.680192572215,0.715104517869,0.729268292683,0.576173746407,0.49225729601,0.712905452036,0.709721278042,0.658896126157,0.648706240487,0.693405846363,0.700166805671,0.504300732717,0.71160778659,0.667785234899,0.713278008299,0.715593220339,0.664035364698,0.680536912752,0.673942701228,0.684691011236,0.705014749263,0.669657693586,0.501994476833,0.682047584715,0.67735042735,0.709260908281,0.520077096049,0.574645280691,0.700071581961,0.532310704961,0.622161671208,0.695526695527,0.549453628467,0.677219545767,0.691039426523,0.695259593679,0.663663663664,0.680412371134,0.707818930041,0.712905452036,0.68520263902,0.716808149406,0.674465240642,0.516522297081,0.641154328733,0.590586718246,0.703273040482,0.688806473365,0.632825170289,0.596755504056,0.701102941176
Ent,0.236728395062,0.510499637944,0.26084203862,0.325151311365,1,0.543323863636,0.544715447154,0.320717131474,0.465031789282,0.281063321386,0.333218707015,0.450712589074,0.300328947368,0.271977150111,0.540596807772,0.410876132931,0.563273727648,0.347269049225,0.35162601626,0.246247205366,0.244788564622,0.350931677019,0.332766825289,0.328762427151,0.322678843227,0.304894629504,0.376563803169,0.276521185091,0.567411679885,0.385906040268,0.38132780083,0.325423728814,0.316387748658,0.528859060403,0.534106412005,0.516853932584,0.58185840708,0.304752409438,0.252531451365,0.529920692141,0.525641025641,0.424309884239,0.279794410536,0.278531770512,0.514674302076,0.269908616188,0.291855888586,0.572871572872,0.248809190249,0.529249827942,0.584229390681,0.31151241535,0.563813813814,0.559646539028,0.355967078189,0.350931677019,0.561734213007,0.333786078098,0.527406417112,0.272698107154,0.287013801757,0.27530625403,0.394056847545,0.341200269724,0.307492701914,0.284472769409,0.342279411765
Ent,0.25524691358,0.521361332368,0.258309591643,0.325151311365,0.54178470255,1,0.59756097561,0.314409030544,0.456403269755,0.277180406213,0.337001375516,0.463182897862,0.297368421053,0.270390352269,0.515614156836,0.418213206733,0.570839064649,0.330074173972,0.341056910569,0.257745129352,0.255211435378,0.357487922705,0.335146159075,0.298594446349,0.317808219178,0.312712440517,0.379899916597,0.266008282893,0.590483056957,0.384228187919,0.384647302905,0.323389830508,0.314177455005,0.551006711409,0.517735334243,0.553370786517,0.578171091445,0.313725490196,0.254986192083,0.559480894016,0.570512820513,0.40071237756,0.26244779955,0.257248611968,0.505368647101,0.269908616188,0.301846805934,0.539682539683,0.246287475483,0.472126634549,0.560573476703,0.323121573686,0.563813813814,0.561119293078,0.348559670782,0.357487922705,0.568331762488,0.344651952462,0.54077540107,0.266281681104,0.284504391468,0.27304964539,0.378122308355,0.340863115307,0.300356795329,0.289687137891,0.351102941176
St,0.132716049383,0.265025343954,0.132953466287,0.180564895763,0.284702549575,0.313210227273,1,0.177622841965,0.247048138056,0.15651135006,0.172283356259,0.246437054632,0.175986842105,0.163122818153,0.269257460097,0.233059991368,0.348005502063,0.187795010115,0.186585365854,0.150750558927,0.141155449672,0.192201518288,0.176410605031,0.172094617758,0.172602739726,0.178789938817,0.198081734779,0.144632048423,0.313626532084,0.196308724832,0.202489626556,0.185762711864,0.164824755289,0.281208053691,0.274215552524,0.271769662921,0.323008849558,0.172482552343,0.137158637619,0.302811824081,0.292735042735,0.223063223508,0.140379055573,0.138494756323,0.28561202577,0.130221932115,0.163790493491,0.30303030303,0.119921546652,0.26083964212,0.317562724014,0.17413737504,0.337087087087,0.365979381443,0.171604938272,0.192201518288,0.382657869934,0.184380305603,0.293449197861,0.141161373115,0.151191969887,0.163765312701,0.191645133506,0.175657451113,0.164774570224,0.152954808806,0.187867647059
Ecoli,0.475308641975,0.70094134685,0.503323836657,0.711835911231,0.684135977337,0.672585227273,0.724932249322,1,0.691643960036,0.590203106332,0.686382393398,0.692399049881,0.682894736842,0.598222786417,0.680777238029,0.698748381528,0.687757909216,0.695549561699,0.698780487805,0.58926860428,0.480941036331,0.691511387164,0.69068660775,0.677065478231,0.666362252664,0.693405846363,0.690992493745,0.499840713603,0.695025234319,0.704697986577,0.696680497925,0.714237288136,0.686454057468,0.678523489933,0.678035470668,0.700140449438,0.690265486726,0.670322366235,0.491561828782,0.684931506849,0.67735042735,0.70213713268,0.517185994218,0.578655151141,0.698639942734,0.530678851175,0.627308507417,0.674603174603,0.54749229476,0.697178251893,0.670967741935,0.69590454692,0.676426426426,0.677466863034,0.695473251029,0.691511387164,0.674835061263,0.699151103565,0.671122994652,0.53031761309,0.643350062735,0.599290780142,0.685615848407,0.695886716116,0.638014920532,0.596465816918,0.695955882353
Pm,0.357716049383,0.70963070239,0.386514719848,0.524209818426,0.725212464589,0.713778409091,0.737127371274,0.505644090305,1,0.433990442055,0.541265474553,0.723871733967,0.484868421053,0.429387496033,0.721027064539,0.634009495037,0.720770288858,0.525286581254,0.55081300813,0.417757904823,0.381179273377,0.541752933057,0.519374575119,0.510455947892,0.493150684932,0.50611828688,0.606755629691,0.395985982797,0.700072098053,0.578859060403,0.584647302905,0.508474576271,0.500157878118,0.712080536913,0.69031377899,0.700140449438,0.691002949853,0.495181123297,0.376802700215,0.705839942322,0.69301994302,0.669189670525,0.406681657565,0.416718075262,0.722261989979,0.398498694517,0.457765667575,0.699855699856,0.399831885682,0.715760495526,0.702508960573,0.487907126733,0.696696696697,0.703976435935,0.540329218107,0.541752933057,0.71630537229,0.514091680815,0.70320855615,0.405197305101,0.452007528231,0.422308188266,0.624461670973,0.521240728254,0.465780084333,0.447276940904,0.550367647059
KECS,0.556172839506,0.636495293266,0.55175688509,0.677874915938,0.666430594901,0.659090909091,0.710027100271,0.65604249668,0.659854677566,1,0.666781292985,0.6567695962,0.666447368421,0.658521104411,0.672449687717,0.66033664221,0.678129298487,0.672960215779,0.686585365854,0.66751836474,0.540500297796,0.673222912353,0.670632222978,0.655125128557,0.650532724505,0.667233174711,0.666805671393,0.5676967187,0.668348954578,0.672818791946,0.658506224066,0.675254237288,0.653299652668,0.644966442953,0.633015006821,0.65308988764,0.669616519174,0.646061814556,0.569806689168,0.655371304975,0.688034188034,0.657168299199,0.567298425956,0.668414558914,0.666428060129,0.616514360313,0.672116257947,0.689754689755,0.610535163911,0.640743289745,0.674551971326,0.661722025153,0.658408408408,0.675994108984,0.655144032922,0.673222912353,0.688030160226,0.659762308998,0.661096256684,0.589027911453,0.662797992472,0.680206318504,0.655900086133,0.65947403911,0.670126500162,0.669756662804,0.665808823529
Ecoli,0.472530864198,0.708182476466,0.48433048433,0.713180901143,0.686260623229,0.696022727273,0.678861788618,0.662682602922,0.714804722979,0.579151732378,1,0.671021377672,0.657565789474,0.569660425262,0.684941013185,0.686232196806,0.688445667125,0.705664194201,0.697967479675,0.55988502076,0.475282906492,0.702898550725,0.706322229776,0.653068220775,0.648706240487,0.696464989803,0.695579649708,0.488053520229,0.684210526316,0.671140939597,0.702074688797,0.693559322034,0.638143353331,0.704697986577,0.693724420191,0.688904494382,0.69616519174,0.643403123961,0.484504449218,0.692141312185,0.696581196581,0.704363312556,0.500803083842,0.55860579889,0.687902648533,0.535574412533,0.597941265516,0.69696969697,0.530120481928,0.693737095664,0.70752688172,0.686230248307,0.689189189189,0.689248895434,0.703703703704,0.702898550725,0.679547596607,0.693039049236,0.69050802139,0.510426692332,0.613237139272,0.567053513862,0.701119724376,0.67700606878,0.608498216023,0.575318655852,0.706617647059
Ent,0.27962962963,0.552498189718,0.300411522634,0.389374579691,0.537535410765,0.553977272727,0.562330623306,0.387118193891,0.553587647593,0.330346475508,0.388583218707,1,0.361184210526,0.32338940019,0.564191533657,0.495036685369,0.574965612105,0.397505057316,0.421138211382,0.307888853401,0.301072066706,0.407522429262,0.394289598912,0.373328762427,0.379604261796,0.382732834806,0.447039199333,0.306467027716,0.576063446287,0.447986577181,0.446887966805,0.397627118644,0.372908114935,0.574496644295,0.574351978172,0.575842696629,0.582595870206,0.372549019608,0.287511506597,0.573900504686,0.571937321937,0.484416740873,0.321554770318,0.323257248612,0.572655690766,0.291122715405,0.349076597033,0.573593073593,0.309330344634,0.527185134205,0.554838709677,0.387939374395,0.575075075075,0.561119293078,0.400823045267,0.407522429262,0.580584354383,0.405432937182,0.570187165775,0.316008982996,0.35382685069,0.316892327531,0.4556416882,0.396156439649,0.356146610444,0.341251448436,0.412867647059
Ecoli,0.491049382716,0.646632874728,0.497625830959,0.68123739072,0.646600566572,0.642045454545,0.724932249322,0.689243027888,0.669391462307,0.60513739546,0.687414030261,0.652019002375,1,0.613773405268,0.652324774462,0.664220975399,0.649931224209,0.676331759946,0.690650406504,0.598530820824,0.4877903514,0.684955141477,0.673691366417,0.673980116558,0.658751902588,0.700203942896,0.673477898249,0.508760751832,0.644556596972,0.686241610738,0.663900414938,0.695254237288,0.680138932744,0.638926174497,0.653478854025,0.653792134831,0.643805309735,0.701894317049,0.5059834305,0.620043258832,0.651709401709,0.652270703473,0.508512688725,0.608883405305,0.634931997137,0.539817232376,0.632152588556,0.667388167388,0.551414962174,0.653819683414,0.658064516129,0.691067397614,0.623123123123,0.654639175258,0.67366255144,0.684955141477,0.681432610745,0.685908319185,0.656417112299,0.517163939686,0.661229611041,0.603481624758,0.669681309216,0.681726230614,0.643853389556,0.605156431054,0.685294117647
Ecoli,0.512345679012,0.637219406227,0.526432415321,0.604909213181,0.606940509915,0.605113636364,0.69647696477,0.62583001328,0.614441416894,0.619772998805,0.617262723521,0.605106888361,0.636184210526,1,0.59333795975,0.61199827363,0.62242090784,0.633175994606,0.60487804878,0.618971574577,0.498213222156,0.61801242236,0.615227736234,0.620157696263,0.633789954338,0.633582596873,0.603002502085,0.517680790061,0.594087959625,0.604026845638,0.626141078838,0.615593220339,0.633407009788,0.585906040268,0.632332878581,0.613764044944,0.632743362832,0.620139581256,0.517336606321,0.607786589762,0.590455840456,0.620658949243,0.529071635079,0.61227637261,0.634216177523,0.587793733681,0.632152588556,0.650072150072,0.560941440179,0.593943565038,0.631541218638,0.631409222831,0.597597597598,0.59499263623,0.607407407407,0.61801242236,0.604147031103,0.633616298812,0.605614973262,0.547962784729,0.624215809285,0.645712443585,0.600344530577,0.61834120027,0.624716185534,0.615295480881,0.625
Ent,0.241049382716,0.541636495293,0.246597024375,0.337928715535,0.551699716714,0.527698863636,0.525745257453,0.325697211155,0.471843778383,0.289426523297,0.339408528198,0.482779097387,0.309210526316,0.271342430974,1,0.425118687959,0.534387895461,0.342211732974,0.371138211382,0.264771638454,0.258189398451,0.357832988268,0.329027872196,0.327391155297,0.318721461187,0.327328348063,0.390742285238,0.272698311564,0.541456380678,0.370805369128,0.387136929461,0.329830508475,0.325544679507,0.524832214765,0.531377899045,0.544241573034,0.547935103245,0.31704885344,0.252224608776,0.532083633742,0.544871794872,0.426536064114,0.279794410536,0.270512029611,0.516105941303,0.257832898172,0.293369663942,0.542568542569,0.258335668254,0.509979353063,0.539068100358,0.325056433409,0.499249249249,0.533136966127,0.330452674897,0.357832988268,0.555136663525,0.342614601019,0.528743315508,0.271414821944,0.306775407779,0.279174725983,0.394056847545,0.342886041807,0.303924748621,0.297508690614,0.355882352941
MM,0.374691358025,0.671976828385,0.39284583729,0.551445864156,0.674220963173,0.688210227273,0.731707317073,0.537516600266,0.667120799273,0.456989247312,0.546767537827,0.681116389549,0.50625,0.450015867978,0.683553088133,1,0.703576341128,0.556979096426,0.578861788618,0.423506866816,0.399047051817,0.566252587992,0.545207341944,0.526568392184,0.525114155251,0.516315431679,0.639282735613,0.413826059255,0.687815428983,0.582214765101,0.605394190871,0.548813559322,0.50994632144,0.673154362416,0.666439290587,0.693117977528,0.702064896755,0.497839813892,0.379564283523,0.698630136986,0.697293447293,0.682101513802,0.399614519756,0.451881554596,0.649964209019,0.417101827676,0.48016954284,0.688311688312,0.417764079574,0.676531314522,0.713261648746,0.527894227668,0.707957957958,0.692194403535,0.547736625514,0.566252587992,0.701225259189,0.551443123939,0.682486631016,0.413538658967,0.47365119197,0.436814958092,0.647286821705,0.541469993257,0.496594226403,0.460602549247,0.573529411765
St,0.248148148148,0.535119478639,0.267489711934,0.332548755884,0.580028328612,0.589488636364,0.685636856369,0.332005312085,0.475930971844,0.294504181601,0.344222833563,0.496437054632,0.310855263158,0.287210409394,0.53920888272,0.44151920587,1,0.353674983142,0.356504065041,0.254870648355,0.251935675998,0.35955831608,0.338205302515,0.330133699006,0.332420091324,0.321889870836,0.392410341952,0.275884039503,0.592645998558,0.364093959732,0.394190871369,0.333559322034,0.310388380171,0.553020134228,0.532742155525,0.560393258427,0.603982300885,0.322366234629,0.270328321571,0.589762076424,0.595441595442,0.424309884239,0.285255380662,0.265576804442,0.516105941303,0.267950391645,0.310021192855,0.611832611833,0.258615858784,0.510667584308,0.603584229391,0.326991293131,0.628378378378,0.629602356406,0.360082304527,0.35955831608,0.617342130066,0.344991511036,0.555481283422,0.284247674046,0.290150564617,0.283687943262,0.403100775194,0.362778152394,0.310411936426,0.301564310545,0.361397058824
KECS,0.484567901235,0.716871832006,0.499525166192,0.713180901143,0.729461756374,0.6953125,0.754742547425,0.684926958831,0.707538601272,0.596176821983,0.719738651994,0.700118764846,0.659868421053,0.596001269438,0.704371963914,0.712990936556,0.721458046768,1,0.713008130081,0.572341105078,0.481238832638,0.721187025535,0.728416043508,0.683921837504,0.670624048706,0.701563562203,0.719349457882,0.508123606244,0.704397981255,0.776845637584,0.71244813278,0.713559322034,0.663403852226,0.695302013423,0.729877216917,0.697331460674,0.713864306785,0.663010967099,0.488800245474,0.700793078587,0.693732193732,0.704363312556,0.527786700932,0.587291795188,0.736578382248,0.52317232376,0.621556161066,0.722222222222,0.537405435696,0.717825189264,0.716845878136,0.69590454692,0.693693693694,0.701030927835,0.713580246914,0.721187025535,0.701225259189,0.697453310696,0.717245989305,0.51523901187,0.633939774153,0.587040618956,0.714039621016,0.687457855698,0.621148232241,0.591251448436,0.721691176471
Pm,0.406790123457,0.564808110065,0.39284583729,0.60322797579,0.612606232295,0.595880681818,0.621951219512,0.570717131474,0.615349682107,0.504480286738,0.590440165062,0.615201900238,0.558881578947,0.472231037766,0.63358778626,0.614587829089,0.603163686382,0.591368846932,1,0.477483232194,0.415425848719,0.597998619738,0.587355540449,0.548508741858,0.542770167428,0.568320870156,0.6317764804,0.436126154826,0.622206200433,0.610738255034,0.621161825726,0.582711864407,0.551626144616,0.577852348993,0.575716234652,0.603230337079,0.595132743363,0.539714190761,0.406566431421,0.609949531363,0.623931623932,0.626001780944,0.423385801478,0.488278840222,0.590551181102,0.427219321149,0.507114744172,0.588023088023,0.445502942001,0.624225739849,0.592114695341,0.567558851983,0.565315315315,0.597201767305,0.611111111111,0.597998619738,0.628652214892,0.591850594228,0.604278074866,0.44433750401,0.509723964868,0.481624758221,0.614556416882,0.560350640593,0.532273759325,0.497682502897,0.595588235294
Ecoli,0.499382716049,0.606082548878,0.534346312124,0.606590450572,0.546033994334,0.573153409091,0.639566395664,0.612549800797,0.594005449591,0.624253285544,0.602819807428,0.572446555819,0.616447368421,0.615042843542,0.575294934074,0.572291756582,0.548830811554,0.604180714767,0.607723577236,1,0.502084574151,0.61663216011,0.604690686608,0.614672608845,0.604261796043,0.605710401088,0.582151793161,0.50207072316,0.571016582552,0.593959731544,0.566390041494,0.596949152542,0.619829491632,0.555704697987,0.56548431105,0.57654494382,0.55604719764,0.614822200066,0.529917152501,0.542177361211,0.568376068376,0.572128227961,0.528107934468,0.60734114744,0.560486757337,0.57180156658,0.607326672722,0.55266955267,0.575231157187,0.545767377839,0.576344086022,0.61625282167,0.536786786787,0.564064801178,0.594238683128,0.61663216011,0.585296889727,0.616977928693,0.547459893048,0.544112929098,0.618569636136,0.664087685364,0.581826012059,0.595414699933,0.630554654557,0.609501738123,0.611029411765
Ps,0.55462962963,0.576393917451,0.545425767648,0.555817081372,0.582152974504,0.608664772727,0.642276422764,0.536188579017,0.581289736603,0.542114695341,0.548830811554,0.600356294537,0.538815789474,0.530942557918,0.601665510062,0.578334052654,0.581843191197,0.544841537424,0.567073170732,0.538486106675,1,0.56176673568,0.549286199864,0.535138841275,0.562557077626,0.557443915704,0.56046705588,0.550175215037,0.593366979092,0.560402684564,0.578423236515,0.554576271186,0.546258288601,0.591275167785,0.577080491132,0.577949438202,0.583333333333,0.547025589897,0.55538508745,0.581110310022,0.599002849003,0.573463935886,0.57083199486,0.550894509562,0.600572655691,0.545365535248,0.554647290342,0.573593073593,0.533482768282,0.588437715072,0.620071684588,0.546275395034,0.598348348348,0.616347569956,0.555144032922,0.56176673568,0.612629594722,0.558234295416,0.602272727273,0.552775104267,0.545169385194,0.532559638943,0.542204995693,0.558327714093,0.554005838469,0.547219003476,0.536397058824
Ecoli,0.470679012346,0.722664735699,0.481481481481,0.694687289845,0.720254957507,0.735795454545,0.754742547425,0.665338645418,0.712988192552,0.582735961768,0.700481430536,0.701306413302,0.652960526316,0.568390986988,0.719639139486,0.708243418213,0.716643741403,0.704652730951,0.704471544715,0.570744171191,0.484812388326,1,0.696464989803,0.66575248543,0.646879756469,0.679809653297,0.718098415346,0.500477859191,0.722422494593,0.697986577181,0.705809128631,0.678983050847,0.639722134512,0.695973154362,0.703956343793,0.700842696629,0.699852507375,0.657361249585,0.483277078859,0.703677000721,0.700854700855,0.723508459484,0.508191455188,0.568476249229,0.727988546886,0.516971279373,0.601877081441,0.704184704185,0.521154384982,0.722642807983,0.724014336918,0.674943566591,0.698948948949,0.725331369661,0.708641975309,1,0.727615457116,0.705602716469,0.694518716578,0.494064805903,0.609159347553,0.577369439072,0.717915590009,0.683074848281,0.611417450535,0.575898030127,0.7125
Ecoli,0.479012345679,0.693700217234,0.493827160494,0.702084734364,0.693342776204,0.700284090909,0.70325203252,0.674634794157,0.69391462307,0.589307048984,0.714580467675,0.688836104513,0.651973684211,0.574420818788,0.671755725191,0.692274492879,0.68431911967,0.722521915037,0.70243902439,0.568189076972,0.481238832638,0.707039337474,1,0.66575248543,0.656621004566,0.692046227056,0.721434528774,0.505256451099,0.674116798846,0.694630872483,0.708298755187,0.689152542373,0.651720871487,0.690604026846,0.667803547067,0.709971910112,0.68215339233,0.66999002991,0.486345504756,0.675558759913,0.706552706553,0.70213713268,0.501445550916,0.570943861814,0.67501789549,0.528394255875,0.606721162579,0.677489177489,0.534043149342,0.67033723331,0.689605734767,0.685262818446,0.698198198198,0.69440353461,0.724279835391,0.707039337474,0.699340245052,0.699490662139,0.694518716578,0.503047802374,0.62139272271,0.582527401676,0.713178294574,0.688132164531,0.621796951022,0.590092699884,0.7
Ecoli,0.461111111111,0.689355539464,0.483064260842,0.646267652993,0.679178470255,0.618607954545,0.680216802168,0.655710491368,0.676203451408,0.570788530466,0.655089408528,0.646674584323,0.646710526316,0.574103459219,0.662734212353,0.662926197669,0.662310866575,0.672623061362,0.650406504065,0.572660491856,0.464860035736,0.670117322291,0.660095173351,1,0.651445966514,0.663834126445,0.666805671393,0.483274928321,0.617159336698,0.654362416107,0.655601659751,0.664745762712,0.640037890748,0.661744966443,0.678035470668,0.656601123596,0.646017699115,0.666334330342,0.475912856705,0.65032444124,0.658831908832,0.649154051647,0.489881143591,0.560764959901,0.67501789549,0.530678851175,0.61217075386,0.641414141414,0.538526197815,0.68960770819,0.632258064516,0.666236697839,0.650900900901,0.671575846834,0.675308641975,0.670117322291,0.673892554194,0.660101867572,0.655748663102,0.493743984601,0.621079046424,0.57253384913,0.691645133506,0.669588671612,0.613687966267,0.579084588644,0.661029411765
Ecoli,0.541358024691,0.728457639392,0.534979423868,0.716543375925,0.750708215297,0.741477272727,0.768292682927,0.726759628154,0.735694822888,0.638291517324,0.73280605227,0.740498812352,0.711842105263,0.66074262139,0.726578764747,0.744497194648,0.751031636864,0.74275118004,0.724796747967,0.633982753114,0.550327575938,0.733264320221,0.733174711081,0.733630442235,1,0.757987763426,0.721434528774,0.546989487098,0.756308579668,0.708053691275,0.748132780083,0.728474576271,0.713924850016,0.753020134228,0.738744884038,0.755617977528,0.759587020649,0.729145895646,0.536667689475,0.734679163663,0.742877492877,0.749777382012,0.566977192419,0.632942628007,0.753042233357,0.595626631854,0.694822888283,0.758297258297,0.593443541608,0.749483826566,0.759139784946,0.727184779104,0.791291291291,0.759941089838,0.732098765432,0.733264320221,0.75589066918,0.740577249576,0.765374331551,0.561116458133,0.705457967378,0.651515151515,0.737726098191,0.746122724208,0.699643204671,0.656141367323,0.733455882353
Ecoli,0.466666666667,0.661115133961,0.498892054448,0.685944855414,0.635269121813,0.653409090909,0.712737127371,0.677290836653,0.676203451408,0.586320191159,0.704607977992,0.66864608076,0.677631578947,0.591558235481,0.668285912561,0.655589123867,0.651306740028,0.695886716116,0.679674796748,0.569147237304,0.488385944014,0.690131124914,0.692046227056,0.669523483031,0.678843226788,1,0.651793160967,0.493469257725,0.658255227109,0.697986577181,0.688796680498,0.682711864407,0.639722134512,0.672483221477,0.648021828104,0.650983146067,0.664454277286,0.669657693586,0.498312365756,0.657534246575,0.655270655271,0.676758682102,0.488596209444,0.585749537323,0.647816750179,0.539817232376,0.612776264002,0.648629148629,0.532922387223,0.661390227116,0.650896057348,0.691712350855,0.630630630631,0.671575846834,0.672839506173,0.690131124914,0.678605089538,0.687945670628,0.663101604278,0.496952197626,0.62860727729,0.58413926499,0.671403962102,0.692515171949,0.609146934804,0.582271147161,0.676470588235
Pm,0.386419753086,0.638667632151,0.396327951884,0.564559515804,0.639518413598,0.647017045455,0.643631436314,0.550132802125,0.660762942779,0.477598566308,0.573590096286,0.636579572447,0.53125,0.458901935893,0.650242886884,0.66163141994,0.647180192572,0.581591368847,0.615853658537,0.445863941233,0.400238237046,0.594202898551,0.588035350102,0.548165923894,0.526636225266,0.531271244052,1,0.427524689392,0.66258111031,0.637583892617,0.609958506224,0.572203389831,0.544995263656,0.648993288591,0.663710777626,0.658707865169,0.646755162242,0.542040545032,0.399815894446,0.675558759913,0.671652421652,0.667408726625,0.42113716672,0.454657618754,0.664996420902,0.419386422977,0.492279745686,0.651515151515,0.435416082936,0.676531314522,0.670250896057,0.548532731377,0.659159159159,0.645802650957,0.597530864198,0.594202898551,0.654099905749,0.576570458404,0.643048128342,0.426371511068,0.497176913425,0.448098001289,0.658484065461,0.574173971679,0.505351929938,0.475955967555,0.597058823529
Ps,0.537654320988,0.561187545257,0.54415954416,0.532279757902,0.614730878187,0.593039772727,0.615176151762,0.520916334661,0.564486830154,0.532258064516,0.526822558459,0.571258907363,0.525328947368,0.515709298635,0.594031922276,0.560638757013,0.595598349381,0.537761294673,0.556504065041,0.503353561163,0.514294222752,0.54209799862,0.539089055065,0.520054850874,0.522678843227,0.526512576479,0.559633027523,1,0.599855803893,0.587248322148,0.545643153527,0.533220338983,0.531733501737,0.607382550336,0.605047748977,0.601825842697,0.608407079646,0.519441674975,0.545872967168,0.621485219899,0.615384615385,0.553428317008,0.549630581433,0.523442319556,0.573371510379,0.521866840731,0.523766273085,0.622655122655,0.525917623984,0.552649690296,0.615053763441,0.535633666559,0.608108108108,0.60677466863,0.521399176955,0.54209799862,0.607917059378,0.538200339559,0.610294117647,0.579082451075,0.515370138018,0.507092198582,0.530146425495,0.546864463924,0.526110930911,0.522595596756,0.527205882353
Ent,0.240432098765,0.511223750905,0.250712250712,0.331876260928,0.557365439093,0.581676136364,0.589430894309,0.32005312085,0.440962761126,0.27688172043,0.326341127923,0.474465558195,0.294078947368,0.261504284354,0.521165857044,0.411739318084,0.565337001376,0.329399865138,0.35081300813,0.252954327691,0.245086360929,0.345755693582,0.317811012916,0.293452176894,0.319330289193,0.31033310673,0.383236030025,0.265052564511,1,0.379194630872,0.372199170124,0.337627118644,0.31701926113,0.512080536913,0.546384720327,0.495786516854,0.629793510324,0.308075772682,0.243326173673,0.532804614275,0.561965811966,0.396260017809,0.274975907485,0.264342998149,0.494631352899,0.262075718016,0.285195277021,0.582251082251,0.24180442701,0.498279421886,0.609318996416,0.320219284102,0.557807807808,0.553019145803,0.333744855967,0.345755693582,0.590951932139,0.329711375212,0.525401069519,0.262111004171,0.284190715182,0.280786589297,0.382428940568,0.335805799056,0.299708076549,0.279837775203,0.35
Pm,0.0956790123457,0.147719044171,0.0968660968661,0.133826496301,0.162889518414,0.162642045455,0.158536585366,0.139442231076,0.156675749319,0.119772998805,0.137551581843,0.158551068884,0.134539473684,0.114249444621,0.153365718251,0.149762624083,0.1492434663,0.156102494943,0.147967479675,0.113062919195,0.0994639666468,0.143547273982,0.140720598232,0.133699005828,0.128462709285,0.141400407886,0.158465387823,0.111500477859,0.162941600577,1,0.143153526971,0.141355932203,0.130091569308,0.144966442953,0.158935879945,0.152387640449,0.147492625369,0.125290794284,0.097575943541,0.144917087239,0.147435897436,0.156723063224,0.108898168969,0.112893275756,0.177523264137,0.103133159269,0.121707538601,0.148629148629,0.110955449706,0.161046111493,0.156989247312,0.13028055466,0.148648648649,0.159057437408,0.152674897119,0.143547273982,0.159283694628,0.141595925297,0.150401069519,0.106833493744,0.130489335006,0.117666021921,0.158053402239,0.135536075523,0.124229646448,0.114136732329,0.151838235294
Pm,0.396296296296,0.65170166546,0.405508072175,0.578009414929,0.650849858357,0.658380681818,0.661246612466,0.557436918991,0.63987284287,0.474014336918,0.581843191197,0.639548693587,0.526315789474,0.478895588702,0.64746703678,0.629693569271,0.653370013755,0.578894133513,0.608536585366,0.435962951134,0.415128052412,0.586956521739,0.580217539089,0.541652382585,0.548858447489,0.564242012237,0.613010842369,0.418923223957,0.646719538572,0.578859060403,1,0.566440677966,0.542784970003,0.646979865772,0.660300136426,0.647471910112,0.662979351032,0.534064473247,0.409941699908,0.649603460707,0.636752136752,0.63000890472,0.43912624478,0.462060456508,0.674302075877,0.427219321149,0.501059642749,0.658008658009,0.440739702998,0.661390227116,0.67311827957,0.558851983231,0.658408408408,0.670839469809,0.606172839506,0.586956521739,0.649387370405,0.570118845501,0.651069518717,0.414501122875,0.495922208281,0.464539007092,0.611541774332,0.585637221848,0.506649367499,0.484646581692,0.572426470588
Ecoli,0.478086419753,0.68283852281,0.475783475783,0.709818426362,0.679886685552,0.677556818182,0.742547425474,0.699535192563,0.681198910082,0.594982078853,0.703576341128,0.696555819477,0.674671052632,0.576324976198,0.675225537821,0.698748381528,0.676753782669,0.709710047202,0.698780487805,0.562440114979,0.487194758785,0.691166321601,0.691026512576,0.67226602674,0.654185692542,0.68456832087,0.703919933278,0.501115004779,0.718096611391,0.69966442953,0.693360995851,1,0.68298073887,0.685234899329,0.669849931787,0.660814606742,0.682890855457,0.675639747424,0.482356551089,0.677000720981,0.670227920228,0.705253784506,0.50401541921,0.569093152375,0.680744452398,0.508812010444,0.607932182864,0.699134199134,0.539646959933,0.653819683414,0.685304659498,0.692357304095,0.655405405405,0.672312223859,0.655144032922,0.691166321601,0.689915174364,0.708658743633,0.689171122995,0.51267244145,0.641468005019,0.573823339781,0.698966408269,0.682400539447,0.61855335712,0.586906141367,0.702941176471
Ecoli,0.504320987654,0.719044170891,0.515986071542,0.707128446537,0.709631728045,0.706676136364,0.707317073171,0.721779548473,0.719346049046,0.61798088411,0.694979367263,0.701306413302,0.708552631579,0.636623294192,0.71547536433,0.697022011221,0.676066024759,0.708361429535,0.710162601626,0.626956244011,0.515187611674,0.699102829538,0.701563562203,0.694892012341,0.688280060883,0.68864717879,0.71976647206,0.5364765849,0.72386445566,0.691275167785,0.713278008299,0.733220338983,1,0.685234899329,0.722373806276,0.710674157303,0.727138643068,0.698238617481,0.521939245167,0.710165825523,0.693732193732,0.702582368655,0.542242210087,0.610117211598,0.718682891911,0.562663185379,0.652739933394,0.704184704185,0.578033062482,0.718513420509,0.716845878136,0.701064172847,0.693693693694,0.685567010309,0.683127572016,0.699102829538,0.711592836946,0.705263157895,0.689171122995,0.557587423805,0.686951066499,0.636686009026,0.701981050818,0.702292650034,0.680181641259,0.615874855156,0.704411764706
St,0.252469135802,0.556842867487,0.287432731877,0.340954942838,0.558073654391,0.583096590909,0.567750677507,0.335657370518,0.481834695731,0.287037037037,0.361072902338,0.508313539192,0.313157894737,0.277054903205,0.54267869535,0.432887354338,0.566712517194,0.349291975725,0.35,0.264452251677,0.262358546754,0.357832988268,0.349762066621,0.33801851217,0.341552511416,0.340584636302,0.403252710592,0.288308378464,0.55010814708,0.362416107383,0.4,0.346101694915,0.322387117146,1,0.524556616644,0.568117977528,0.555309734513,0.333998005982,0.266339367904,0.591925018025,0.591168091168,0.430988423865,0.299710889817,0.281616286243,0.53829634932,0.275783289817,0.317892824705,0.554834054834,0.275707481087,0.481073640743,0.564157706093,0.342470170913,0.57957957958,0.598674521355,0.3670781893,0.357832988268,0.580584354383,0.343972835314,0.607620320856,0.291947385306,0.30991217064,0.274016763378,0.402239448751,0.363115306811,0.320467077522,0.30764774044,0.372058823529
Ent,0.240432098765,0.520637219406,0.255144032922,0.332212508406,0.554532577904,0.5390625,0.544715447154,0.330013280212,0.459582198002,0.277180406213,0.349724896836,0.5,0.315131578947,0.294192319898,0.540596807772,0.421665947346,0.537138927098,0.360755225893,0.343089430894,0.264771638454,0.251935675998,0.356107660455,0.332766825289,0.340761055879,0.329680365297,0.322909585316,0.405754795663,0.282574068175,0.577505407354,0.390939597315,0.401659751037,0.332881355932,0.334385854121,0.51610738255,1,0.516853932584,0.575221238938,0.327683615819,0.25928198834,0.547945205479,0.531339031339,0.433659839715,0.289110183103,0.284700801974,0.569076592699,0.281005221932,0.306388132001,0.567821067821,0.256374334547,0.524432209222,0.55770609319,0.328603676233,0.56006006006,0.547128129602,0.339094650206,0.356107660455,0.533459000943,0.342614601019,0.542780748663,0.287135065768,0.297365119197,0.283043197937,0.387596899225,0.359743762643,0.311709373986,0.280417149479,0.3625
Ent,0.239814814815,0.564083997104,0.26242481798,0.32784129119,0.521246458924,0.559659090909,0.524390243902,0.331009296149,0.452770208901,0.277777777778,0.33734525447,0.486935866983,0.30625,0.277372262774,0.537820957668,0.425981873112,0.548830811554,0.334794335806,0.34918699187,0.262216544235,0.245086360929,0.344375431332,0.343643779742,0.320534796023,0.327549467275,0.315091774303,0.391159299416,0.273016884358,0.509012256669,0.364093959732,0.382572614108,0.318983050847,0.31954531102,0.542953020134,0.50204638472,1,0.536873156342,0.317713526088,0.248849340288,0.53785147801,0.554131054131,0.431878895815,0.272084805654,0.264342998149,0.499642090193,0.25815926893,0.291553133515,0.531024531025,0.249089380779,0.505849965588,0.541218637993,0.313769751693,0.558558558559,0.513991163476,0.349794238683,0.344375431332,0.513666352498,0.322920203735,0.546122994652,0.276227141482,0.294228356336,0.26499032882,0.399655469423,0.351989211059,0.300681154719,0.298377752028,0.345220588235
Ent,0.228086419753,0.507603186097,0.243748021526,0.321452589106,0.558781869688,0.556818181818,0.593495934959,0.310756972112,0.425522252498,0.271206690562,0.32462173315,0.469121140143,0.287171052632,0.272294509679,0.515614156836,0.410876132931,0.563273727648,0.326365475388,0.328048780488,0.24081763015,0.235556879095,0.327467218772,0.31441196465,0.300308536167,0.313546423135,0.30625424881,0.365721434529,0.262822554954,0.615717375631,0.335570469799,0.373029045643,0.313898305085,0.311335648879,0.505369127517,0.532060027285,0.511235955056,1,0.302758391492,0.241178275545,0.554434030281,0.536324786325,0.379786286732,0.265660134918,0.258173966687,0.503221188261,0.244778067885,0.283984256736,0.617604617605,0.244606332306,0.501720578114,0.583512544803,0.313124798452,0.592342342342,0.567010309278,0.344032921811,0.327467218772,0.576814326107,0.319524617997,0.526069518717,0.265319217196,0.271016311167,0.264667956157,0.369078380706,0.336817262306,0.287058060331,0.27201622248,0.351102941176
Ecoli,0.481172839506,0.658942795076,0.483380816714,0.67753866846,0.649433427762,0.670454545455,0.70325203252,0.669654714475,0.676657584015,0.58064516129,0.665749656121,0.66567695962,0.694736842105,0.592192954618,0.662040249827,0.646525679758,0.667125171939,0.672623061362,0.660162601626,0.590865538167,0.490172721858,0.68253968254,0.685248130523,0.687350017141,0.667884322679,0.684908225697,0.680150125104,0.49792927684,0.668348954578,0.63255033557,0.666804979253,0.689152542373,0.663403852226,0.674496644295,0.672578444748,0.671348314607,0.671828908555,1,0.502301319423,0.643114635905,0.658831908832,0.664737310775,0.505300353357,0.582048118445,0.664280601288,0.534268929504,0.631244323342,0.661616161616,0.548893247408,0.684101858224,0.664516129032,0.676555949694,0.659159159159,0.665684830633,0.668312757202,0.68253968254,0.683317624882,0.669269949066,0.655748663102,0.511709977543,0.649623588457,0.599290780142,0.654177433247,0.682400539447,0.640285436263,0.598493626883,0.692279411765
Ps,0.549074074074,0.56698044895,0.574548907882,0.550100874243,0.582861189802,0.590198863636,0.605691056911,0.53187250996,0.557674841054,0.554659498208,0.542984869326,0.556413301663,0.542434210526,0.535068232307,0.570437196391,0.533880017264,0.605914718019,0.53708698584,0.538617886179,0.551580964548,0.53901131626,0.54347826087,0.538749150238,0.531710661639,0.532420091324,0.552005438477,0.543369474562,0.566741000319,0.571737563086,0.53355704698,0.554356846473,0.532881355932,0.537101357752,0.58255033557,0.576398362892,0.56952247191,0.579646017699,0.544034562978,1,0.597692862293,0.575498575499,0.538290293856,0.577899132669,0.548118445404,0.565497494631,0.567232375979,0.543142597639,0.580808080808,0.555898010647,0.54232622161,0.56917562724,0.541760722348,0.587837837838,0.594256259205,0.532098765432,0.54347826087,0.601319509896,0.5480475382,0.572192513369,0.563041385948,0.537954830615,0.542553191489,0.532299741602,0.543830074174,0.542004541031,0.547219003476,0.533455882353
Ent,0.237037037037,0.510499637944,0.254510921178,0.318090114324,0.520538243626,0.551136363636,0.569105691057,0.315405046481,0.44459582198,0.271505376344,0.330123796424,0.472684085511,0.282894736842,0.267534116154,0.512144344205,0.418213206733,0.562585969739,0.327714093055,0.343902439024,0.240178856595,0.240023823705,0.336783988958,0.31849082257,0.309221803222,0.310197869102,0.309993201903,0.390742285238,0.274609748327,0.532804614275,0.337248322148,0.373858921162,0.318305084746,0.311019892643,0.551006711409,0.518417462483,0.523876404494,0.567109144543,0.296444001329,0.254372506904,1,0.564814814815,0.408726625111,0.266302601992,0.255089450956,0.510379384395,0.251631853786,0.290039358159,0.555555555556,0.240403474363,0.4879559532,0.545519713262,0.300548210255,0.557807807808,0.551546391753,0.338683127572,0.336783988958,0.559849198869,0.323599320883,0.536096256684,0.264998395893,0.283877038896,0.252417794971,0.37037037037,0.343897505057,0.292247810574,0.273174971031,0.332352941176
St,0.23549382716,0.50905141202,0.264007597341,0.319771351715,0.522662889518,0.568892045455,0.556910569106,0.315737051793,0.44187102634,0.28853046595,0.336313617607,0.476840855107,0.300986842105,0.263091082196,0.530881332408,0.422529132499,0.574965612105,0.328388401888,0.356097560976,0.254870648355,0.250446694461,0.339544513458,0.337185588035,0.317106616387,0.317503805175,0.312712440517,0.393244370309,0.275246893915,0.568853640952,0.347315436242,0.370954356846,0.318983050847,0.307546574045,0.557046979866,0.508867667121,0.546348314607,0.555309734513,0.307411100033,0.247928812519,0.571737563086,1,0.410952804987,0.269193703823,0.263109191857,0.50107372942,0.265992167102,0.289736603088,0.562770562771,0.249929952368,0.473503097041,0.571326164875,0.321186713963,0.555555555556,0.582474226804,0.347736625514,0.339544513458,0.543826578699,0.335483870968,0.538770053476,0.274302213667,0.281367628607,0.25918762089,0.366925064599,0.33951449764,0.299059357768,0.292004634994,0.348897058824
Pm,0.356172839506,0.661115133961,0.376701487813,0.535642232683,0.67492917847,0.639204545455,0.678861788618,0.523572377158,0.682561307902,0.440860215054,0.54401650619,0.646080760095,0.481907894737,0.442399238337,0.664816099931,0.661199827363,0.655433287483,0.533378287256,0.571544715447,0.410412008943,0.383561643836,0.560731538992,0.536029911625,0.499828591018,0.512633181126,0.516655336506,0.625104253545,0.395985982797,0.641672674838,0.590604026846,0.587136929461,0.536949152542,0.498263340701,0.64966442953,0.664392905866,0.681179775281,0.629056047198,0.49617813227,0.37097269101,0.661860129776,0.657407407407,1,0.384837777064,0.42843923504,0.662848962062,0.390339425587,0.461095973358,0.639971139971,0.39506864668,0.677907777013,0.677419354839,0.506610770719,0.648648648649,0.644329896907,0.534156378601,0.560731538992,0.639019792648,0.523599320883,0.650401069519,0.39493102342,0.459222082811,0.431656995487,0.633074935401,0.529669588672,0.469672397016,0.454808806489,0.548529411765
Ps,0.524382716049,0.606082548878,0.546375435264,0.544384667115,0.616855524079,0.580255681818,0.592140921409,0.534528552457,0.574931880109,0.527479091995,0.536107290234,0.594418052257,0.520723684211,0.52269120914,0.604441360167,0.5369011653,0.610729023384,0.553944706676,0.535772357724,0.525071862025,0.529184038118,0.545893719807,0.530591434398,0.522797394583,0.537290715373,0.516995241332,0.54670558799,0.545078050335,0.617159336698,0.568791946309,0.567219917012,0.53186440678,0.532996526681,0.626174496644,0.613915416098,0.594803370787,0.6098820059,0.522765038219,0.552009818963,0.597692862293,0.596866096866,0.53339269813,1,0.525909932141,0.622763063708,0.554830287206,0.531335149864,0.619769119769,0.535724292519,0.57604955265,0.632974910394,0.525636891325,0.623873873874,0.632547864507,0.544855967078,0.545893719807,0.634307257304,0.540237691002,0.600267379679,0.573949310234,0.537327478043,0.525789813024,0.535314384152,0.537761294673,0.541031462861,0.52056778679,0.544117647059
Ent,0.519444444444,0.595944967415,0.536878759101,0.626429051782,0.639518413598,0.592329545455,0.608401084011,0.622841965471,0.61353315168,0.6472520908,0.622764786795,0.622327790974,0.649342105263,0.629958743256,0.608605135323,0.63228312473,0.592159559835,0.64194200944,0.643495934959,0.628872564676,0.531864204884,0.635955831608,0.629163834126,0.623243057936,0.624657534247,0.645479265806,0.614678899083,0.54061803122,0.617880317231,0.614093959732,0.621576763485,0.625423728814,0.624565835175,0.612751677852,0.629604365621,0.601825842697,0.617256637168,0.627118644068,0.545259281988,0.596250901226,0.60754985755,0.618432769368,0.547703180212,1,0.589119541875,0.596605744125,0.644868301544,0.59595959596,0.583076492015,0.633172746043,0.605017921147,0.631086746211,0.593093093093,0.586892488954,0.618518518519,0.635955831608,0.595664467484,0.624448217317,0.598930481283,0.555983317292,0.637703889586,0.639264990329,0.619293712317,0.631827376939,0.649691858579,0.644553881808,0.622058823529
Ent,0.236728395062,0.502534395366,0.251345362456,0.328850033625,0.509206798867,0.501420454545,0.540650406504,0.324037184595,0.458219800182,0.27807646356,0.330467675378,0.475059382423,0.291776315789,0.281180577594,0.500346981263,0.39188605956,0.495873452545,0.346931894808,0.335365853659,0.250079846694,0.249851101846,0.350931677019,0.32053025153,0.323277339733,0.320243531202,0.307613868117,0.38740617181,0.255176807901,0.498197548666,0.41610738255,0.390871369295,0.322372881356,0.31701926113,0.504697986577,0.542291950887,0.490168539326,0.518436578171,0.308408109006,0.242405645904,0.514059120404,0.498575498575,0.412288512912,0.279473177,0.253855644664,1,0.258812010444,0.293975174084,0.50937950938,0.251330905015,0.490708878183,0.513261648746,0.318606901,0.504504504505,0.529455081001,0.347325102881,0.350931677019,0.53534401508,0.321901528014,0.508021390374,0.251523901187,0.28356336261,0.265312701483,0.388888888889,0.336142953473,0.299708076549,0.269409038239,0.351470588235
Ps,0.50462962963,0.559739319334,0.555238999683,0.548419636853,0.585694050992,0.587357954545,0.540650406504,0.53984063745,0.554495912807,0.56421744325,0.564305364512,0.529691211401,0.544078947368,0.571564582672,0.548230395559,0.551575312905,0.564649243466,0.540458530007,0.532113821138,0.559565633983,0.497617629541,0.546583850932,0.550305914344,0.557422008913,0.555555555556,0.562202583277,0.535863219349,0.50939789742,0.578947368421,0.530201342282,0.543153526971,0.528474576271,0.544363751184,0.56711409396,0.587312414734,0.55547752809,0.553097345133,0.544034562978,0.533292420988,0.555875991348,0.580484330484,0.53250222618,0.546097012528,0.563849475632,0.567644953472,1,0.559188616409,0.58152958153,0.551695152704,0.556090846524,0.587096774194,0.554337310545,0.559309309309,0.568483063328,0.568724279835,0.546583850932,0.577756833176,0.542614601019,0.561497326203,0.552133461662,0.550815558344,0.557704706641,0.537467700258,0.551247471342,0.557249432371,0.556488991889,0.535661764706
KECS,0.537654320988,0.693700217234,0.55017410573,0.690988567586,0.682719546742,0.708096590909,0.733062330623,0.68791500664,0.686648501362,0.663082437276,0.679160935351,0.684679334917,0.686842105263,0.6626467788,0.672449687717,0.6845058265,0.704264099037,0.692178017532,0.680894308943,0.640689875439,0.545562835021,0.685990338164,0.681169272604,0.693177922523,0.698630136986,0.687967369137,0.678065054212,0.551130933418,0.679163662581,0.674496644295,0.686721991701,0.680677966102,0.680770445216,0.704697986577,0.69031377899,0.676264044944,0.691740412979,0.692921236291,0.550475606014,0.690699351118,0.681623931624,0.678094390027,0.563764857051,0.657001850709,0.695060844667,0.602806788512,1,0.706349206349,0.601849257495,0.685478320716,0.683154121864,0.696871976782,0.713213213213,0.713549337261,0.691358024691,0.685990338164,0.727615457116,0.689983022071,0.706550802139,0.575553416747,0.692597239649,0.65441650548,0.701119724376,0.689143627782,0.6986701265,0.657589803013,0.687867647059
Ent,0.237037037037,0.510499637944,0.248496359607,0.324142568931,0.562322946176,0.53125,0.569105691057,0.310424966799,0.44050862852,0.285543608124,0.332187070151,0.472090261283,0.304276315789,0.28594097112,0.52185981957,0.411739318084,0.583218707015,0.33749157114,0.331300813008,0.244650271479,0.236748064324,0.336783988958,0.319170632223,0.304765169695,0.319939117199,0.305574439157,0.376563803169,0.274928321121,0.581831290555,0.345637583893,0.378423236515,0.328474576271,0.308178086517,0.51610738255,0.536834924966,0.516853932584,0.631268436578,0.304752409438,0.24700828475,0.555155010815,0.555555555556,0.394924309884,0.275939608095,0.254780999383,0.505368647101,0.263054830287,0.296397214653,1,0.246567666013,0.48313833448,0.592114695341,0.312802321832,0.600600600601,0.575110456554,0.346502057613,0.336783988958,0.562676720075,0.326994906621,0.542780748663,0.271735643247,0.286386449184,0.264023210832,0.369078380706,0.343897505057,0.284463185209,0.278968713789,0.334558823529
KECS,0.59012345679,0.654598117306,0.599873377651,0.65938130464,0.628895184136,0.624289772727,0.579945799458,0.648738379814,0.648047229791,0.650836320191,0.650618982118,0.655581947743,0.647368421053,0.635353855919,0.639833448994,0.643504531722,0.634800550206,0.646662171274,0.646341463415,0.655701053976,0.567004169148,0.64182194617,0.647858599592,0.658896126157,0.644748858447,0.646498980286,0.648040033361,0.597961134119,0.622206200433,0.664429530201,0.652697095436,0.652881355932,0.651405115251,0.660402684564,0.6241473397,0.624297752809,0.643805309735,0.651046859422,0.608775698067,0.618601297765,0.635327635328,0.627782724844,0.614198522326,0.641887723627,0.642090193271,0.642624020888,0.650317892825,0.634920634921,1,0.635925671025,0.63082437276,0.649790390197,0.648648648649,0.625184094256,0.656378600823,0.64182194617,0.621112158341,0.655008488964,0.648395721925,0.630734680783,0.648368883312,0.642166344294,0.649440137812,0.640256237357,0.641907233214,0.648609501738,0.651470588235
Ent,0.247839506173,0.492396813903,0.258942703387,0.330867518494,0.544617563739,0.487215909091,0.513550135501,0.336321381142,0.47229791099,0.27807646356,0.346629986245,0.45486935867,0.3125,0.273881307521,0.514226231783,0.424255502805,0.510316368638,0.351652056642,0.368699186992,0.253273714468,0.254615842764,0.36231884058,0.331067301156,0.343503599589,0.331506849315,0.326648538409,0.409924937448,0.255813953488,0.521989906273,0.392617449664,0.398755186722,0.322033898305,0.329649510578,0.469127516779,0.519781718963,0.516151685393,0.537610619469,0.330342306414,0.241791960724,0.51117519827,0.490028490028,0.438557435441,0.268872470286,0.283775447255,0.510379384395,0.263707571802,0.301544050863,0.506493506494,0.258896049314,1,0.530465949821,0.317316994518,0.524774774775,0.50736377025,0.356378600823,0.36231884058,0.521206409048,0.344312393888,0.496657754011,0.266281681104,0.289836888331,0.26724693746,0.416881998277,0.358732299393,0.304573467402,0.294322132097,0.354044117647
Ent,0.242901234568,0.508327299059,0.264007597341,0.324142568931,0.577195467422,0.555397727273,0.60027100271,0.310756972112,0.445049954587,0.281063321386,0.339408528198,0.459619952494,0.301973684211,0.279593779752,0.52185981957,0.429434613725,0.57909215956,0.337154416723,0.335772357724,0.256786969019,0.257593805837,0.348516218081,0.326988443236,0.302365443949,0.322374429224,0.308633582597,0.389908256881,0.273335457152,0.612833453497,0.36744966443,0.389626556017,0.32406779661,0.315756236186,0.528187919463,0.530695770805,0.530196629213,0.600294985251,0.308075772682,0.243633016263,0.548666186013,0.567663817664,0.420747996438,0.283649212978,0.260333127699,0.512526843236,0.267297650131,0.288525582804,0.59595959596,0.246567666013,0.509291121817,1,0.31892937762,0.578828828829,0.569955817378,0.344444444444,0.348516218081,0.573044297832,0.334125636672,0.524732620321,0.271735643247,0.287327478043,0.265635074146,0.372954349699,0.338165879973,0.30100551411,0.282155272306,0.340441176471
Ecoli,0.503086419753,0.692976104272,0.512187401076,0.724949562878,0.684135977337,0.711647727273,0.731707317073,0.716467463479,0.687102633969,0.612903225806,0.731774415406,0.714370546318,0.704934210526,0.62139003491,0.699514226232,0.706517047907,0.697386519945,0.727579231288,0.715447154472,0.610348131587,0.50446694461,0.722222222222,0.722297756628,0.708261912924,0.686453576865,0.729095853161,0.709341117598,0.52914941064,0.715933669791,0.677852348993,0.719087136929,0.727796610169,0.686454057468,0.712751677852,0.695088676671,0.683286516854,0.716076696165,0.697241608508,0.515495550782,0.671953857246,0.709401709402,0.69946571683,0.523610664953,0.603639728563,0.707229778096,0.561031331593,0.65425370875,0.699855699856,0.564583917064,0.677219545767,0.708960573477,1,0.698198198198,0.70765832106,0.727160493827,0.722222222222,0.705937794533,0.723259762309,0.68449197861,0.547321142124,0.672208281054,0.617988394584,0.709732988803,0.717464598786,0.660720077846,0.619640787949,0.723897058824
St,0.229320987654,0.488052136133,0.238683127572,0.297242770679,0.531869688385,0.533380681818,0.608401084011,0.299136786189,0.421435059037,0.261947431302,0.31568088033,0.45486935867,0.273026315789,0.252618216439,0.461485079806,0.406991799741,0.575653370014,0.311530681052,0.306097560976,0.228361545832,0.237343656939,0.321256038647,0.316111488783,0.297223174494,0.320852359209,0.285520054385,0.366138448707,0.258043963046,0.53568853641,0.332214765101,0.363900414938,0.29593220339,0.291758762236,0.518120805369,0.508867667121,0.522471910112,0.58185840708,0.291791292788,0.240257747775,0.53568853641,0.527065527066,0.384683882458,0.266945069065,0.243676742751,0.481030780243,0.243146214099,0.28761731759,0.577200577201,0.24208461754,0.481073640743,0.552688172043,0.299903257014,1,0.611192930781,0.3329218107,0.321256038647,0.591894439208,0.316808149406,0.541443850267,0.257298684633,0.262547051443,0.25112830432,0.357881136951,0.343560350641,0.28511190399,0.276361529548,0.330514705882
St,0.236111111111,0.495293265749,0.24438113327,0.310692669805,0.538243626062,0.541193181818,0.673441734417,0.305444887118,0.434150772025,0.274193548387,0.321870701513,0.452494061758,0.292434210526,0.25642653126,0.502428868841,0.405697022011,0.58803301238,0.32097100472,0.329674796748,0.244650271479,0.249255509232,0.33988957902,0.32053025153,0.312649982859,0.314155251142,0.309993201903,0.365721434529,0.26250398216,0.541456380678,0.362416107383,0.378008298755,0.309491525424,0.293969055889,0.545637583893,0.506821282401,0.490168539326,0.56784660767,0.300432037222,0.247621969929,0.540014419611,0.56339031339,0.389581478183,0.275939608095,0.245835903763,0.514674302076,0.251958224543,0.293369663942,0.563492063492,0.237881759597,0.474191328286,0.554838709677,0.309900032248,0.623123123123,1,0.343621399177,0.33988957902,0.603204524034,0.322580645161,0.53743315508,0.263073468078,0.278544542033,0.263378465506,0.367355727821,0.339177343223,0.294518326306,0.289397450753,0.345220588235
Pm,0.398765432099,0.603910209993,0.415637860082,0.578345662408,0.612606232295,0.6015625,0.565040650407,0.561088977424,0.596276112625,0.47550776583,0.58803301238,0.5783847981,0.538486842105,0.468422722945,0.557251908397,0.574449719465,0.601788170564,0.584625758597,0.603658536585,0.461194506547,0.401727218582,0.594202898551,0.598232494901,0.562564278368,0.541552511416,0.55574439157,0.605504587156,0.40363172985,0.584715212689,0.622483221477,0.611203319502,0.539661016949,0.524155352068,0.598657718121,0.56207366985,0.59691011236,0.616519174041,0.539714190761,0.396747468549,0.593366979092,0.601851851852,0.577916295637,0.425313202698,0.463602714374,0.604151753758,0.451044386423,0.508628519528,0.607503607504,0.446903894648,0.596008258775,0.6,0.569816188326,0.607357357357,0.614874815906,1,0.594202898551,0.573044297832,0.564346349745,0.593582887701,0.427975617581,0.500627352572,0.456479690522,0.608096468562,0.575185434929,0.513136555303,0.498261877173,0.578676470588
Ent,0.470679012346,0.722664735699,0.481481481481,0.694687289845,0.720254957507,0.735795454545,0.754742547425,0.665338645418,0.712988192552,0.582735961768,0.700481430536,0.701306413302,0.652960526316,0.568390986988,0.719639139486,0.708243418213,0.716643741403,0.704652730951,0.704471544715,0.570744171191,0.484812388326,1,0.696464989803,0.66575248543,0.646879756469,0.679809653297,0.718098415346,0.500477859191,0.722422494593,0.697986577181,0.705809128631,0.678983050847,0.639722134512,0.695973154362,0.703956343793,0.700842696629,0.699852507375,0.657361249585,0.483277078859,0.703677000721,0.700854700855,0.723508459484,0.508191455188,0.568476249229,0.727988546886,0.516971279373,0.601877081441,0.704184704185,0.521154384982,0.722642807983,0.724014336918,0.674943566591,0.698948948949,0.725331369661,0.708641975309,1,0.727615457116,0.705602716469,0.694518716578,0.494064805903,0.609159347553,0.577369439072,0.717915590009,0.683074848281,0.611417450535,0.575898030127,0.7125
Ent,0.195987654321,0.389572773353,0.193099081988,0.244451916611,0.42209631728,0.428267045455,0.550135501355,0.237715803453,0.345140781108,0.218040621266,0.247936726272,0.365795724466,0.237828947368,0.203427483339,0.408743927828,0.321104876996,0.450481430536,0.250842886042,0.271138211382,0.198339188758,0.193567599762,0.266390614217,0.252209381373,0.245114844018,0.244140030441,0.244731475187,0.289407839867,0.205479452055,0.452054794521,0.28355704698,0.285892116183,0.24813559322,0.23839595832,0.413422818792,0.386084583902,0.382724719101,0.451327433628,0.240943835161,0.195765572261,0.428262436914,0.410968660969,0.301869991095,0.216190170254,0.194941394201,0.406585540444,0.200065274151,0.233726914926,0.430735930736,0.18464555898,0.380591878871,0.435842293907,0.241534988713,0.471471471471,0.471281296024,0.250205761317,0.266390614217,1,0.262478777589,0.43114973262,0.205967276227,0.219259723965,0.21308833011,0.286821705426,0.261968981794,0.234511839118,0.219582850521,0.267647058824
Ecoli,0.471296296296,0.692251991311,0.490028490028,0.709818426362,0.696175637394,0.720880681818,0.735772357724,0.683598937583,0.687556766576,0.580346475508,0.701856946355,0.709026128266,0.664473684211,0.592192954618,0.700208188758,0.700906344411,0.698762035763,0.692515171949,0.708536585366,0.580325774513,0.489577129244,0.717046238785,0.700203942896,0.666438121358,0.663926940639,0.68864717879,0.708090075063,0.504937878305,0.700072098053,0.69966442953,0.696680497925,0.707457627119,0.655825702558,0.679865771812,0.68826739427,0.667837078652,0.69395280236,0.655034895314,0.495243939859,0.68709444845,0.703703703704,0.686553873553,0.511082557019,0.567242442936,0.678596993558,0.521540469974,0.615198304572,0.694805194805,0.540487531521,0.697866483138,0.705376344086,0.686875201548,0.70045045045,0.699558173785,0.683950617284,0.717046238785,0.728557964185,1,0.698529411765,0.517484760988,0.622020075282,0.582527401676,0.69939707149,0.689817936615,0.612714888096,0.588064889919,0.709558823529
St,0.267901234568,0.570601013758,0.277936055714,0.339273705447,0.558781869688,0.574573863636,0.594850948509,0.333333333333,0.477747502271,0.295400238949,0.35522696011,0.506532066508,0.323026315789,0.287527768962,0.548924358085,0.440656020716,0.571526822558,0.361766689144,0.367479674797,0.26157777068,0.268314472901,0.358523119393,0.353161114888,0.336304422352,0.348554033486,0.337185588035,0.4011676397,0.290856960816,0.566690699351,0.377516778523,0.404149377593,0.349491525424,0.325544679507,0.610067114094,0.553888130969,0.573735955056,0.580383480826,0.326021934197,0.262657256827,0.578226387888,0.574074074074,0.43321460374,0.28846771603,0.2763726095,0.544022906228,0.274151436031,0.320012110203,0.585858585859,0.271784813673,0.511355815554,0.562724014337,0.330216059336,0.608108108108,0.59204712813,0.365432098765,0.358523119393,0.607917059378,0.354838709677,1,0.288739172281,0.304579673777,0.275950999355,0.39879414298,0.358732299393,0.325008108985,0.292873696408,0.373529411765
Ps,0.520679012346,0.585807385952,0.55175688509,0.541358439812,0.601983002833,0.589488636364,0.59620596206,0.548804780876,0.573569482289,0.548387096774,0.547111416781,0.584916864608,0.530263157895,0.542050142812,0.587092297016,0.556322831247,0.609353507565,0.541469993257,0.563008130081,0.541679974449,0.513103037522,0.531400966184,0.532970768185,0.527596846075,0.532420091324,0.526512576479,0.554211843203,0.57502389296,0.58904109589,0.558724832215,0.536099585062,0.541694915254,0.548784338491,0.610738255034,0.610504774898,0.604634831461,0.6098820059,0.530076437355,0.538508745014,0.595529920692,0.608974358974,0.548085485307,0.574686797302,0.534546576188,0.561202576951,0.561684073107,0.543142597639,0.611111111111,0.550854581115,0.57123193393,0.607168458781,0.550145114479,0.602102102102,0.60382916053,0.548971193416,0.531400966184,0.605089538172,0.547707979626,0.601604278075,1,0.534818067754,0.534816247582,0.552540913006,0.535064059339,0.54038274408,0.528679026651,0.534926470588
Ecoli,0.516975308642,0.649529326575,0.51566951567,0.687289845326,0.648016997167,0.644176136364,0.653116531165,0.680942895086,0.654405086285,0.631123058542,0.672283356259,0.669833729216,0.693421052632,0.631545541098,0.678695350451,0.651704790678,0.636176066025,0.681389076197,0.660569105691,0.629830725008,0.517569982132,0.670117322291,0.673351461591,0.678779568049,0.684627092846,0.681169272604,0.660967472894,0.52341510035,0.653208363374,0.697986577181,0.65601659751,0.693220338983,0.691506157247,0.663087248322,0.646657571623,0.658707865169,0.637168141593,0.68826852775,0.526235041424,0.652487382841,0.638888888889,0.651825467498,0.550273048506,0.627082048118,0.647100930565,0.573107049608,0.668483197094,0.65873015873,0.579153824601,0.635925671025,0.656630824373,0.691067397614,0.628378378378,0.653902798233,0.656790123457,0.670117322291,0.658812441093,0.673344651952,0.649064171123,0.547000320821,1,0.647969052224,0.657622739018,0.674645987862,0.685047032112,0.623696407879,0.672426470588
Ecoli,0.503086419753,0.588703837799,0.502374169041,0.61600537996,0.604815864023,0.6015625,0.688346883469,0.617197875166,0.594913714805,0.630227001195,0.604883081155,0.583729216152,0.615789473684,0.635671215487,0.600971547536,0.584807941303,0.60522696011,0.613958192852,0.607317073171,0.657936761418,0.491959499702,0.61801242236,0.614208021754,0.608844703462,0.615220700152,0.615907545887,0.57964970809,0.501115004779,0.627974044701,0.612416107383,0.597925311203,0.603389830508,0.623618566467,0.570469798658,0.598908594816,0.577247191011,0.605457227139,0.617813226986,0.516416078552,0.564527757751,0.57264957265,0.596170970614,0.52393189849,0.611659469463,0.589119541875,0.564621409922,0.614592794429,0.590909090909,0.558139534884,0.570543702684,0.590681003584,0.618187681393,0.584834834835,0.601620029455,0.582716049383,0.61801242236,0.622997172479,0.613582342954,0.572192513369,0.532242540905,0.630489335006,1,0.590439276486,0.615981119353,0.624716185534,0.607473928158,0.612867647059
Pm,0.371913580247,0.64735698769,0.383349161127,0.549092131809,0.648016997167,0.623579545455,0.60298102981,0.528552456839,0.658492279746,0.454898446834,0.559834938102,0.628266033254,0.511513157895,0.442399238337,0.634975711312,0.648683642641,0.643741403026,0.559002022927,0.580081300813,0.43149153625,0.374925550923,0.575224292616,0.56288239293,0.55056564964,0.521461187215,0.529911624745,0.637614678899,0.39216310927,0.640230713771,0.615771812081,0.589211618257,0.550169491525,0.514682664983,0.626845637584,0.613915416098,0.651685393258,0.632005899705,0.504818876703,0.379257440933,0.620043258832,0.606837606838,0.654496883348,0.399293286219,0.443553362122,0.646385110952,0.407310704961,0.492885255828,0.618326118326,0.422527318577,0.666207845836,0.620788530466,0.531441470493,0.623873873874,0.628129602356,0.581069958848,0.575224292616,0.627709707823,0.551443123939,0.618983957219,0.411613731152,0.478983688833,0.441972920696,1,0.551921780175,0.486539085307,0.460023174971,0.580882352941
KECS,0.48024691358,0.719768283852,0.481481481481,0.686953597848,0.71671388102,0.718039772727,0.705962059621,0.685258964143,0.702089009991,0.584229390681,0.690508940853,0.697743467933,0.665131578947,0.582037448429,0.705759888966,0.693137678032,0.740027510316,0.687457855698,0.675609756098,0.564037048866,0.493150684932,0.699102829538,0.69374575119,0.680836475831,0.673668188737,0.698164513936,0.710175145955,0.516725071679,0.718096611391,0.674496644295,0.720746887967,0.686101694915,0.657720239975,0.722818791946,0.727830832196,0.733146067416,0.736725663717,0.672648720505,0.494937097269,0.735400144196,0.717236467236,0.69946571683,0.512367491166,0.578038247995,0.713672154617,0.53361618799,0.618831365425,0.735930735931,0.532081815635,0.732278045423,0.718996415771,0.686230248307,0.765015015015,0.740795287187,0.702057613169,0.699102829538,0.73232799246,0.694736842105,0.711229946524,0.509143407122,0.627666248432,0.588974854932,0.704995693368,1,0.614012325657,0.599362688297,0.701470588235
KECS,0.503086419753,0.640839971035,0.495093383982,0.656018829859,0.671388101983,0.657670454545,0.688346883469,0.653054448871,0.652134423252,0.617084826762,0.645116918845,0.652019002375,0.652960526316,0.611234528721,0.650242886884,0.660768234786,0.65818431912,0.645650708024,0.667073170732,0.620887895241,0.508636092912,0.650448585231,0.651597552685,0.648611587247,0.656621004566,0.638341264446,0.649708090075,0.516725071679,0.666186012978,0.642617449664,0.648132780083,0.646440677966,0.662140827281,0.663087248322,0.655525238745,0.650983146067,0.652654867257,0.656031904287,0.512733967475,0.649603460707,0.656695156695,0.644701691897,0.535817539351,0.617828500925,0.661417322835,0.560704960836,0.652134423252,0.632756132756,0.554497057999,0.646249139711,0.66523297491,0.656884875847,0.65990990991,0.668630338733,0.651028806584,0.650448585231,0.681432610745,0.64142614601,0.669786096257,0.534488290022,0.662484316186,0.620889748549,0.645994832041,0.638233310856,1,0.61819235226,0.641911764706
Ecoli,0.576851851852,0.70094134685,0.573599240266,0.692669804976,0.695467422096,0.710227272727,0.715447154472,0.683598937583,0.701180744777,0.690561529271,0.682943603851,0.699524940618,0.687171052632,0.674071723262,0.712699514226,0.686232196806,0.715955983494,0.688132164531,0.69837398374,0.671989779623,0.562537224538,0.685990338164,0.692386131883,0.685293109359,0.689497716895,0.683208701564,0.685154295246,0.574705320166,0.696467195386,0.661073825503,0.694190871369,0.686779661017,0.671297758131,0.712751677852,0.660300136426,0.723314606742,0.692477876106,0.686606846128,0.579625652041,0.679884643115,0.717948717949,0.699020480855,0.577256665596,0.686304750154,0.665712240515,0.626958224543,0.687254011505,0.694805194805,0.627346595685,0.69924294563,0.698207885305,0.689777491132,0.716216216216,0.735640648012,0.707818930041,0.685990338164,0.714420358153,0.689303904924,0.675802139037,0.585498877125,0.675345043915,0.676015473888,0.683893195521,0.6975724882,0.692182938696,1,0.679411764706
KECS,0.436728395062,0.661839246923,0.458689458689,0.64122394082,0.659348441926,0.678267045455,0.692411924119,0.628486055777,0.679836512262,0.54091995221,0.660935350757,0.666864608076,0.613157894737,0.539511266265,0.671755725191,0.673284419508,0.676066024759,0.661834120027,0.658536585366,0.530820824018,0.434484812388,0.668737060041,0.647178789939,0.616386698663,0.607305936073,0.625424881033,0.677231025855,0.456833386429,0.686373467916,0.692953020134,0.646058091286,0.64813559322,0.604988948532,0.679194630872,0.672578444748,0.65941011236,0.704277286136,0.62578929877,0.445228597729,0.651766402307,0.675925925926,0.6642920748,0.475425634436,0.52190006169,0.684323550465,0.475522193211,0.566454738117,0.656565656566,0.49649761838,0.662766689608,0.663799283154,0.634956465656,0.674924924925,0.69145802651,0.647736625514,0.668737060041,0.686145146089,0.655348047538,0.679144385027,0.466794995188,0.573713927227,0.537395228885,0.68044788975,0.643290627107,0.566331495297,0.535341830823,1
