,Ent,Ent,Ent,Ent,Ent,Ent,Ent,Ent,Ent,Ent,Ent,Ent,Ent,Ent,Ent,Ent,St,St,St,St,St,St,St,Ps,Ps,Ps,Ps,Ps,Ps,Ps,Ps,Pm,Pm,Pm,Pm,Pm,Pm,KECS,KECS,KECS,KECS,KECS,KECS,Ecoli,Ecoli,Ecoli,Ecoli,Ecoli,Ecoli,Ecoli,Ecoli,Ecoli,Ecoli,Ecoli,Ecoli,Ecoli,Ecoli,Ecoli,Ecoli,Ecoli,Ecoli,Ecoli,Ecoli
Ecoli,0.0886075949367,0.0759493670886,0.0886075949367,0.177215189873,0.0886075949367,0.113924050633,0.0886075949367,0.0886075949367,0.0886075949367,0.0886075949367,0.0886075949367,0.139240506329,0.0886075949367,0.0253164556962,0.215189873418,0.0886075949367,0.139240506329,0.0886075949367,0.126582278481,0.139240506329,0.0632911392405,0.139240506329,0.126582278481,0.0886075949367,0.0759493670886,0.0759493670886,0.101265822785,0.164556962025,0.0759493670886,0.164556962025,0.0759493670886,0.151898734177,0.177215189873,0.151898734177,0.0506329113924,0.0506329113924,0.0506329113924,0.177215189873,0.227848101266,0.227848101266,0.215189873418,0.227848101266,0.151898734177,0.0886075949367,0.151898734177,0.126582278481,0.177215189873,0.177215189873,0.177215189873,0.0,0.164556962025,0.177215189873,0.126582278481,0.164556962025,0.0253164556962,0.164556962025,0.177215189873,0.177215189873,0.177215189873,0.177215189873,0.189873417722,0.177215189873,0.177215189873
Ecoli,0.0952380952381,0.047619047619,0.0952380952381,0.111111111111,0.0952380952381,0.15873015873,0.0952380952381,0.0952380952381,0.0952380952381,0.0952380952381,0.0952380952381,0.174603174603,0.0952380952381,0.015873015873,0.253968253968,0.0952380952381,0.174603174603,0.0634920634921,0.174603174603,0.174603174603,0.0793650793651,0.174603174603,0.174603174603,0.126984126984,0.190476190476,0.190476190476,0.142857142857,0.301587301587,0.190476190476,0.31746031746,0.190476190476,0.0793650793651,0.222222222222,0.0793650793651,0.15873015873,0.15873015873,0.15873015873,0.253968253968,0.269841269841,0.269841269841,0.269841269841,0.301587301587,0.253968253968,0.031746031746,0.0,0.111111111111,0.111111111111,0.111111111111,0.126984126984,0.142857142857,0.111111111111,0.111111111111,0.126984126984,0.111111111111,0.15873015873,0.142857142857,0.111111111111,0.111111111111,0.111111111111,0.126984126984,0.253968253968,0.111111111111,0.111111111111
Ecoli,0.0833333333333,0.0333333333333,0.0833333333333,0.0,0.0833333333333,0.2,0.0833333333333,0.0833333333333,0.0833333333333,0.0833333333333,0.0833333333333,0.15,0.0833333333333,0.05,0.266666666667,0.0833333333333,0.233333333333,0.0833333333333,0.233333333333,0.216666666667,0.116666666667,0.233333333333,0.233333333333,0.15,0.216666666667,0.216666666667,0.183333333333,0.316666666667,0.216666666667,0.316666666667,0.216666666667,0.0833333333333,0.25,0.0833333333333,0.2,0.2,0.2,0.283333333333,0.3,0.3,0.3,0.283333333333,0.283333333333,0.1,0.133333333333,0.0166666666667,0.0166666666667,0.0333333333333,0.0333333333333,0.25,0.0,0.0,0.0666666666667,0.0166666666667,0.266666666667,0.0333333333333,0.0,0.0,0.0,0.0333333333333,0.283333333333,0.0166666666667,0.0
Ecoli,0.0833333333333,0.0333333333333,0.0833333333333,0.0,0.0833333333333,0.2,0.0833333333333,0.0833333333333,0.0833333333333,0.0833333333333,0.0833333333333,0.15,0.0833333333333,0.05,0.266666666667,0.0833333333333,0.233333333333,0.0833333333333,0.233333333333,0.216666666667,0.116666666667,0.233333333333,0.233333333333,0.15,0.216666666667,0.216666666667,0.183333333333,0.316666666667,0.216666666667,0.316666666667,0.216666666667,0.0833333333333,0.25,0.0833333333333,0.2,0.2,0.2,0.283333333333,0.3,0.3,0.3,0.283333333333,0.283333333333,0.1,0.133333333333,0.0166666666667,0.0166666666667,0.0333333333333,0.0333333333333,0.25,0.0,0.0,0.0666666666667,0.0166666666667,0.266666666667,0.0333333333333,0.0,0.0,0.0,0.0333333333333,0.283333333333,0.0166666666667,0.0
Ecoli,0.0701754385965,0.0350877192982,0.0701754385965,0.0175438596491,0.0701754385965,0.19298245614,0.0701754385965,0.0701754385965,0.0701754385965,0.0701754385965,0.0701754385965,0.175438596491,0.0701754385965,0.0350877192982,0.315789473684,0.0701754385965,0.228070175439,0.0877192982456,0.228070175439,0.210526315789,0.122807017544,0.245614035088,0.228070175439,0.175438596491,0.245614035088,0.245614035088,0.210526315789,0.350877192982,0.245614035088,0.350877192982,0.245614035088,0.0701754385965,0.280701754386,0.0701754385965,0.228070175439,0.228070175439,0.228070175439,0.298245614035,0.333333333333,0.315789473684,0.298245614035,0.315789473684,0.315789473684,0.105263157895,0.157894736842,0.0350877192982,0.0350877192982,0.0,0.0526315789474,0.263157894737,0.0,0.0350877192982,0.105263157895,0.0,0.298245614035,0.0350877192982,0.0350877192982,0.0175438596491,0.0175438596491,0.0526315789474,0.315789473684,0.0350877192982,0.0350877192982
Ecoli,0.010101010101,0.0,0.010101010101,0.020202020202,0.010101010101,0.010101010101,0.010101010101,0.010101010101,0.010101010101,0.010101010101,0.010101010101,0.0,0.010101010101,0.0,0.030303030303,0.010101010101,0.040404040404,0.020202020202,0.030303030303,0.030303030303,0.020202020202,0.040404040404,0.030303030303,0.030303030303,0.0505050505051,0.040404040404,0.040404040404,0.0909090909091,0.040404040404,0.0707070707071,0.040404040404,0.010101010101,0.020202020202,0.010101010101,0.010101010101,0.010101010101,0.010101010101,0.020202020202,0.0505050505051,0.0505050505051,0.040404040404,0.0606060606061,0.030303030303,0.020202020202,0.030303030303,0.030303030303,0.030303030303,0.030303030303,0.030303030303,0.0,0.010101010101,0.020202020202,0.020202020202,0.010101010101,0.0,0.0,0.020202020202,0.020202020202,0.010101010101,0.030303030303,0.0,0.030303030303,0.020202020202
Ecoli,0.0945945945946,0.0810810810811,0.0945945945946,0.148648648649,0.0945945945946,0.189189189189,0.0945945945946,0.0945945945946,0.0945945945946,0.0945945945946,0.0945945945946,0.189189189189,0.0945945945946,0.0405405405405,0.27027027027,0.0945945945946,0.202702702703,0.0675675675676,0.202702702703,0.202702702703,0.108108108108,0.202702702703,0.202702702703,0.162162162162,0.202702702703,0.202702702703,0.189189189189,0.310810810811,0.202702702703,0.297297297297,0.202702702703,0.108108108108,0.243243243243,0.108108108108,0.135135135135,0.135135135135,0.135135135135,0.27027027027,0.297297297297,0.297297297297,0.297297297297,0.297297297297,0.283783783784,0.0,0.0945945945946,0.148648648649,0.162162162162,0.162162162162,0.162162162162,0.148648648649,0.148648648649,0.162162162162,0.135135135135,0.148648648649,0.175675675676,0.175675675676,0.162162162162,0.148648648649,0.148648648649,0.175675675676,0.283783783784,0.162162162162,0.162162162162
Ecoli,0.0877192982456,0.0701754385965,0.0877192982456,0.0175438596491,0.0877192982456,0.245614035088,0.0877192982456,0.0877192982456,0.0877192982456,0.0877192982456,0.0877192982456,0.175438596491,0.0877192982456,0.0701754385965,0.315789473684,0.0877192982456,0.245614035088,0.0877192982456,0.245614035088,0.228070175439,0.122807017544,0.263157894737,0.245614035088,0.175438596491,0.245614035088,0.245614035088,0.210526315789,0.350877192982,0.245614035088,0.350877192982,0.245614035088,0.0877192982456,0.280701754386,0.0877192982456,0.228070175439,0.228070175439,0.228070175439,0.315789473684,0.368421052632,0.368421052632,0.350877192982,0.333333333333,0.333333333333,0.122807017544,0.175438596491,0.0526315789474,0.0526315789474,0.0350877192982,0.0701754385965,0.298245614035,0.0,0.0350877192982,0.105263157895,0.0175438596491,0.315789473684,0.0350877192982,0.0350877192982,0.0175438596491,0.0175438596491,0.0701754385965,0.333333333333,0.0526315789474,0.0350877192982
Ecoli,0.0833333333333,0.0416666666667,0.0833333333333,0.0972222222222,0.0833333333333,0.194444444444,0.0833333333333,0.0833333333333,0.0833333333333,0.0833333333333,0.0833333333333,0.180555555556,0.0833333333333,0.0555555555556,0.277777777778,0.0833333333333,0.236111111111,0.0694444444444,0.222222222222,0.222222222222,0.138888888889,0.222222222222,0.222222222222,0.138888888889,0.180555555556,0.180555555556,0.180555555556,0.305555555556,0.180555555556,0.277777777778,0.180555555556,0.0972222222222,0.277777777778,0.0972222222222,0.180555555556,0.180555555556,0.180555555556,0.263888888889,0.291666666667,0.291666666667,0.291666666667,0.277777777778,0.25,0.138888888889,0.194444444444,0.0833333333333,0.111111111111,0.125,0.111111111111,0.166666666667,0.0972222222222,0.0972222222222,0.0,0.111111111111,0.180555555556,0.0972222222222,0.0972222222222,0.0972222222222,0.0972222222222,0.125,0.277777777778,0.111111111111,0.0972222222222
Ecoli,0.1,0.05,0.1,0.0,0.1,0.233333333333,0.1,0.1,0.1,0.1,0.1,0.183333333333,0.1,0.05,0.283333333333,0.1,0.25,0.0833333333333,0.25,0.233333333333,0.133333333333,0.266666666667,0.25,0.166666666667,0.233333333333,0.233333333333,0.2,0.333333333333,0.233333333333,0.333333333333,0.233333333333,0.0833333333333,0.266666666667,0.0833333333333,0.216666666667,0.216666666667,0.216666666667,0.3,0.316666666667,0.316666666667,0.316666666667,0.3,0.3,0.116666666667,0.15,0.0333333333333,0.0333333333333,0.0333333333333,0.05,0.266666666667,0.0,0.0166666666667,0.1,0.0166666666667,0.283333333333,0.0333333333333,0.0166666666667,0.0,0.0,0.05,0.3,0.0333333333333,0.0166666666667
Ecoli,0.0925925925926,0.0555555555556,0.0925925925926,0.0185185185185,0.0925925925926,0.222222222222,0.0925925925926,0.0925925925926,0.0925925925926,0.0925925925926,0.0925925925926,0.185185185185,0.0925925925926,0.0555555555556,0.277777777778,0.0925925925926,0.240740740741,0.111111111111,0.240740740741,0.222222222222,0.111111111111,0.240740740741,0.240740740741,0.185185185185,0.240740740741,0.240740740741,0.222222222222,0.333333333333,0.240740740741,0.351851851852,0.240740740741,0.0740740740741,0.259259259259,0.0740740740741,0.222222222222,0.222222222222,0.222222222222,0.296296296296,0.314814814815,0.314814814815,0.314814814815,0.296296296296,0.314814814815,0.111111111111,0.148148148148,0.0185185185185,0.0,0.037037037037,0.0185185185185,0.277777777778,0.0185185185185,0.0185185185185,0.0925925925926,0.0185185185185,0.296296296296,0.0555555555556,0.0185185185185,0.0185185185185,0.0185185185185,0.0,0.314814814815,0.0,0.0185185185185
Ecoli,0.0886075949367,0.0632911392405,0.0886075949367,0.164556962025,0.0886075949367,0.101265822785,0.0886075949367,0.0886075949367,0.0886075949367,0.0886075949367,0.0886075949367,0.113924050633,0.0886075949367,0.0253164556962,0.20253164557,0.0886075949367,0.113924050633,0.0759493670886,0.101265822785,0.113924050633,0.0632911392405,0.113924050633,0.101265822785,0.0759493670886,0.0632911392405,0.0632911392405,0.0886075949367,0.151898734177,0.0632911392405,0.139240506329,0.0632911392405,0.126582278481,0.151898734177,0.126582278481,0.0379746835443,0.0379746835443,0.0379746835443,0.151898734177,0.20253164557,0.20253164557,0.189873417722,0.20253164557,0.139240506329,0.0886075949367,0.139240506329,0.113924050633,0.164556962025,0.164556962025,0.164556962025,0.0,0.151898734177,0.164556962025,0.113924050633,0.151898734177,0.0,0.151898734177,0.164556962025,0.164556962025,0.164556962025,0.164556962025,0.164556962025,0.164556962025,0.164556962025
Ecoli,0.0655737704918,0.0655737704918,0.0655737704918,0.0491803278689,0.0655737704918,0.245901639344,0.0655737704918,0.0655737704918,0.0655737704918,0.0655737704918,0.0655737704918,0.180327868852,0.0655737704918,0.0819672131148,0.327868852459,0.0655737704918,0.262295081967,0.114754098361,0.245901639344,0.245901639344,0.114754098361,0.27868852459,0.245901639344,0.229508196721,0.245901639344,0.245901639344,0.27868852459,0.377049180328,0.245901639344,0.377049180328,0.245901639344,0.0819672131148,0.295081967213,0.0819672131148,0.245901639344,0.245901639344,0.245901639344,0.327868852459,0.360655737705,0.360655737705,0.344262295082,0.344262295082,0.327868852459,0.180327868852,0.213114754098,0.0819672131148,0.0819672131148,0.0655737704918,0.0983606557377,0.262295081967,0.0327868852459,0.0655737704918,0.0983606557377,0.0491803278689,0.27868852459,0.0,0.0655737704918,0.0491803278689,0.0491803278689,0.0983606557377,0.327868852459,0.0819672131148,0.0655737704918
Ecoli,0.0833333333333,0.05,0.0833333333333,0.0,0.0833333333333,0.216666666667,0.0833333333333,0.0833333333333,0.0833333333333,0.0833333333333,0.0833333333333,0.166666666667,0.0833333333333,0.05,0.283333333333,0.0833333333333,0.233333333333,0.0833333333333,0.233333333333,0.216666666667,0.116666666667,0.25,0.233333333333,0.166666666667,0.233333333333,0.233333333333,0.2,0.333333333333,0.233333333333,0.333333333333,0.233333333333,0.0833333333333,0.266666666667,0.0833333333333,0.216666666667,0.216666666667,0.216666666667,0.3,0.316666666667,0.316666666667,0.316666666667,0.3,0.3,0.1,0.15,0.0333333333333,0.0333333333333,0.0333333333333,0.05,0.266666666667,0.0,0.0166666666667,0.0833333333333,0.0166666666667,0.283333333333,0.0333333333333,0.0166666666667,0.0,0.0,0.05,0.3,0.0333333333333,0.0166666666667
Ecoli,0.0862068965517,0.0344827586207,0.0862068965517,0.0,0.0862068965517,0.206896551724,0.0862068965517,0.0862068965517,0.0862068965517,0.0862068965517,0.0862068965517,0.155172413793,0.0862068965517,0.051724137931,0.275862068966,0.0862068965517,0.241379310345,0.0862068965517,0.241379310345,0.224137931034,0.120689655172,0.241379310345,0.241379310345,0.155172413793,0.224137931034,0.224137931034,0.189655172414,0.327586206897,0.224137931034,0.327586206897,0.224137931034,0.0862068965517,0.258620689655,0.0862068965517,0.206896551724,0.206896551724,0.206896551724,0.293103448276,0.310344827586,0.310344827586,0.310344827586,0.293103448276,0.293103448276,0.103448275862,0.137931034483,0.0172413793103,0.0172413793103,0.0344827586207,0.0344827586207,0.258620689655,0.0,0.0,0.0689655172414,0.0172413793103,0.275862068966,0.0344827586207,0.0,0.0,0.0,0.0344827586207,0.293103448276,0.0172413793103,0.0
Ecoli,0.0645161290323,0.0322580645161,0.0645161290323,0.0,0.0645161290323,0.177419354839,0.0645161290323,0.0645161290323,0.0645161290323,0.0645161290323,0.0645161290323,0.161290322581,0.0645161290323,0.0483870967742,0.241935483871,0.0645161290323,0.209677419355,0.0806451612903,0.209677419355,0.193548387097,0.112903225806,0.209677419355,0.209677419355,0.129032258065,0.193548387097,0.193548387097,0.161290322581,0.274193548387,0.193548387097,0.290322580645,0.193548387097,0.0483870967742,0.225806451613,0.0483870967742,0.177419354839,0.177419354839,0.177419354839,0.225806451613,0.258064516129,0.258064516129,0.258064516129,0.258064516129,0.258064516129,0.0967741935484,0.129032258065,0.0,0.0,0.0161290322581,0.0,0.241935483871,0.0,0.0,0.0483870967742,0.0,0.258064516129,0.0322580645161,0.0,0.0,0.0,0.0161290322581,0.274193548387,0.0,0.0
Ecoli,0.0819672131148,0.0655737704918,0.0819672131148,0.016393442623,0.0819672131148,0.213114754098,0.0819672131148,0.0819672131148,0.0819672131148,0.0819672131148,0.0819672131148,0.16393442623,0.0819672131148,0.0655737704918,0.262295081967,0.0819672131148,0.229508196721,0.0983606557377,0.229508196721,0.213114754098,0.114754098361,0.229508196721,0.229508196721,0.16393442623,0.229508196721,0.229508196721,0.196721311475,0.311475409836,0.229508196721,0.327868852459,0.229508196721,0.0655737704918,0.245901639344,0.0655737704918,0.213114754098,0.213114754098,0.213114754098,0.27868852459,0.311475409836,0.311475409836,0.311475409836,0.27868852459,0.311475409836,0.0983606557377,0.131147540984,0.016393442623,0.0,0.0327868852459,0.016393442623,0.27868852459,0.016393442623,0.016393442623,0.0819672131148,0.016393442623,0.295081967213,0.0491803278689,0.016393442623,0.016393442623,0.016393442623,0.016393442623,0.311475409836,0.0,0.016393442623
Ecoli,0.0847457627119,0.0508474576271,0.0847457627119,0.0169491525424,0.0847457627119,0.203389830508,0.0847457627119,0.0847457627119,0.0847457627119,0.0847457627119,0.0847457627119,0.169491525424,0.0847457627119,0.0508474576271,0.254237288136,0.0847457627119,0.237288135593,0.101694915254,0.237288135593,0.220338983051,0.118644067797,0.237288135593,0.237288135593,0.169491525424,0.237288135593,0.237288135593,0.203389830508,0.305084745763,0.237288135593,0.322033898305,0.237288135593,0.0508474576271,0.237288135593,0.0508474576271,0.203389830508,0.203389830508,0.203389830508,0.271186440678,0.28813559322,0.28813559322,0.28813559322,0.271186440678,0.28813559322,0.101694915254,0.135593220339,0.0169491525424,0.0,0.0338983050847,0.0,0.254237288136,0.0169491525424,0.0169491525424,0.0847457627119,0.0169491525424,0.271186440678,0.0508474576271,0.0169491525424,0.0169491525424,0.0169491525424,0.0169491525424,0.28813559322,0.0,0.0169491525424
Ecoli,0.0833333333333,0.05,0.0833333333333,0.0166666666667,0.0833333333333,0.2,0.0833333333333,0.0833333333333,0.0833333333333,0.0833333333333,0.0833333333333,0.166666666667,0.0833333333333,0.05,0.266666666667,0.0833333333333,0.233333333333,0.1,0.233333333333,0.216666666667,0.116666666667,0.233333333333,0.233333333333,0.166666666667,0.233333333333,0.233333333333,0.2,0.316666666667,0.233333333333,0.333333333333,0.233333333333,0.0666666666667,0.25,0.0666666666667,0.216666666667,0.216666666667,0.216666666667,0.283333333333,0.3,0.3,0.3,0.283333333333,0.3,0.1,0.133333333333,0.0166666666667,0.0,0.0333333333333,0.0166666666667,0.266666666667,0.0166666666667,0.0166666666667,0.0833333333333,0.0166666666667,0.283333333333,0.05,0.0166666666667,0.0166666666667,0.0166666666667,0.0166666666667,0.3,0.0,0.0166666666667
Ecoli,0.0727272727273,0.0545454545455,0.0727272727273,0.0181818181818,0.0727272727273,0.218181818182,0.0727272727273,0.0727272727273,0.0727272727273,0.0727272727273,0.0727272727273,0.181818181818,0.0727272727273,0.0545454545455,0.309090909091,0.0727272727273,0.236363636364,0.0909090909091,0.236363636364,0.218181818182,0.127272727273,0.254545454545,0.236363636364,0.181818181818,0.254545454545,0.254545454545,0.218181818182,0.345454545455,0.254545454545,0.363636363636,0.254545454545,0.0727272727273,0.272727272727,0.0727272727273,0.236363636364,0.236363636364,0.236363636364,0.309090909091,0.345454545455,0.345454545455,0.327272727273,0.327272727273,0.327272727273,0.109090909091,0.163636363636,0.0363636363636,0.0363636363636,0.0181818181818,0.0545454545455,0.290909090909,0.0,0.0363636363636,0.109090909091,0.0,0.309090909091,0.0363636363636,0.0363636363636,0.0181818181818,0.0181818181818,0.0545454545455,0.327272727273,0.0363636363636,0.0363636363636
KECS,0.0113636363636,0.0113636363636,0.0113636363636,0.0340909090909,0.0113636363636,0.0227272727273,0.0113636363636,0.0113636363636,0.0113636363636,0.0113636363636,0.0113636363636,0.0227272727273,0.0113636363636,0.0113636363636,0.0681818181818,0.0113636363636,0.0454545454545,0.0227272727273,0.0454545454545,0.0340909090909,0.0113636363636,0.0340909090909,0.0454545454545,0.0681818181818,0.0795454545455,0.0795454545455,0.0681818181818,0.102272727273,0.0795454545455,0.113636363636,0.0795454545455,0.0113636363636,0.0568181818182,0.0113636363636,0.0340909090909,0.0340909090909,0.0340909090909,0.0,0.0795454545455,0.0795454545455,0.0681818181818,0.102272727273,0.0454545454545,0.0340909090909,0.0568181818182,0.0340909090909,0.0340909090909,0.0340909090909,0.0340909090909,0.0454545454545,0.0227272727273,0.0340909090909,0.0454545454545,0.0227272727273,0.0454545454545,0.0227272727273,0.0340909090909,0.0340909090909,0.0340909090909,0.0340909090909,0.0681818181818,0.0340909090909,0.0340909090909
KECS,0.0104166666667,0.0,0.0104166666667,0.0,0.0104166666667,0.0104166666667,0.0104166666667,0.0104166666667,0.0104166666667,0.0104166666667,0.0104166666667,0.0,0.0104166666667,0.0,0.0104166666667,0.0104166666667,0.0416666666667,0.03125,0.03125,0.03125,0.0104166666667,0.0416666666667,0.03125,0.0208333333333,0.0416666666667,0.0416666666667,0.03125,0.0520833333333,0.0416666666667,0.0625,0.0416666666667,0.0104166666667,0.03125,0.0104166666667,0.0208333333333,0.0208333333333,0.0208333333333,0.0,0.0104166666667,0.0,0.0,0.03125,0.0104166666667,0.0,0.0104166666667,0.0,0.0,0.0,0.0,0.0104166666667,0.0,0.0,0.0104166666667,0.0,0.0208333333333,0.0,0.0,0.0,0.0,0.0,0.0208333333333,0.0,0.0
KECS,0.0105263157895,0.0,0.0105263157895,0.0105263157895,0.0105263157895,0.0105263157895,0.0105263157895,0.0105263157895,0.0105263157895,0.0105263157895,0.0105263157895,0.0,0.0105263157895,0.0,0.0210526315789,0.0105263157895,0.0421052631579,0.0315789473684,0.0315789473684,0.0315789473684,0.0105263157895,0.0421052631579,0.0315789473684,0.0210526315789,0.0421052631579,0.0421052631579,0.0315789473684,0.0631578947368,0.0421052631579,0.0631578947368,0.0421052631579,0.0105263157895,0.0315789473684,0.0105263157895,0.0210526315789,0.0210526315789,0.0210526315789,0.0,0.0210526315789,0.0105263157895,0.0,0.0421052631579,0.0105263157895,0.0105263157895,0.0210526315789,0.0105263157895,0.0105263157895,0.0,0.0105263157895,0.0105263157895,0.0,0.0105263157895,0.0210526315789,0.0,0.0210526315789,0.0,0.0105263157895,0.0105263157895,0.0105263157895,0.0105263157895,0.0210526315789,0.0105263157895,0.0105263157895
KECS,0.0104166666667,0.0,0.0104166666667,0.0,0.0104166666667,0.0104166666667,0.0104166666667,0.0104166666667,0.0104166666667,0.0104166666667,0.0104166666667,0.0,0.0104166666667,0.0,0.0104166666667,0.0104166666667,0.0416666666667,0.03125,0.03125,0.03125,0.0104166666667,0.0416666666667,0.03125,0.0208333333333,0.0520833333333,0.0416666666667,0.03125,0.0729166666667,0.0416666666667,0.0625,0.0416666666667,0.0104166666667,0.0208333333333,0.0104166666667,0.0208333333333,0.0208333333333,0.0208333333333,0.0,0.0,0.0,0.0,0.03125,0.0104166666667,0.0,0.0104166666667,0.0,0.0,0.0,0.0,0.0104166666667,0.0,0.0,0.0104166666667,0.0,0.0104166666667,0.0,0.0,0.0,0.0,0.0,0.0104166666667,0.0,0.0
KECS,0.0116279069767,0.0,0.0116279069767,0.0,0.0116279069767,0.0232558139535,0.0116279069767,0.0116279069767,0.0116279069767,0.0116279069767,0.0116279069767,0.0116279069767,0.0116279069767,0.0,0.0116279069767,0.0116279069767,0.046511627907,0.0348837209302,0.046511627907,0.0348837209302,0.0116279069767,0.046511627907,0.046511627907,0.0232558139535,0.0581395348837,0.046511627907,0.0232558139535,0.0581395348837,0.046511627907,0.0581395348837,0.046511627907,0.0232558139535,0.0348837209302,0.0232558139535,0.0232558139535,0.0232558139535,0.0232558139535,0.0232558139535,0.0232558139535,0.0232558139535,0.0232558139535,0.0,0.0232558139535,0.0,0.0232558139535,0.0,0.0,0.0,0.0,0.0116279069767,0.0,0.0,0.0116279069767,0.0,0.0232558139535,0.0,0.0,0.0,0.0,0.0,0.0232558139535,0.0,0.0
KECS,0.0117647058824,0.0,0.0117647058824,0.0470588235294,0.0117647058824,0.0117647058824,0.0117647058824,0.0117647058824,0.0117647058824,0.0117647058824,0.0117647058824,0.0117647058824,0.0117647058824,0.0,0.0588235294118,0.0117647058824,0.0352941176471,0.0352941176471,0.0235294117647,0.0352941176471,0.0,0.0352941176471,0.0235294117647,0.0235294117647,0.0588235294118,0.0470588235294,0.0352941176471,0.0941176470588,0.0470588235294,0.0823529411765,0.0470588235294,0.0352941176471,0.0470588235294,0.0352941176471,0.0117647058824,0.0117647058824,0.0117647058824,0.0352941176471,0.0588235294118,0.0588235294118,0.0470588235294,0.0823529411765,0.0,0.0235294117647,0.0705882352941,0.0352941176471,0.0588235294118,0.0470588235294,0.0588235294118,0.0117647058824,0.0470588235294,0.0588235294118,0.0470588235294,0.0470588235294,0.0117647058824,0.0470588235294,0.0588235294118,0.0470588235294,0.0470588235294,0.0588235294118,0.0705882352941,0.0588235294118,0.0588235294118
Pm,0.135135135135,0.135135135135,0.108108108108,0.27027027027,0.108108108108,0.432432432432,0.135135135135,0.108108108108,0.108108108108,0.108108108108,0.108108108108,0.324324324324,0.108108108108,0.108108108108,0.540540540541,0.108108108108,0.378378378378,0.162162162162,0.324324324324,0.324324324324,0.189189189189,0.378378378378,0.324324324324,0.351351351351,0.27027027027,0.243243243243,0.405405405405,0.486486486486,0.243243243243,0.459459459459,0.243243243243,0.0,0.432432432432,0.0,0.405405405405,0.405405405405,0.405405405405,0.513513513514,0.540540540541,0.540540540541,0.540540540541,0.540540540541,0.513513513514,0.378378378378,0.378378378378,0.297297297297,0.297297297297,0.27027027027,0.297297297297,0.351351351351,0.27027027027,0.297297297297,0.27027027027,0.27027027027,0.351351351351,0.243243243243,0.297297297297,0.27027027027,0.27027027027,0.297297297297,0.540540540541,0.297297297297,0.297297297297
Pm,0.0289855072464,0.0,0.0144927536232,0.0434782608696,0.0144927536232,0.0724637681159,0.0289855072464,0.0144927536232,0.0144927536232,0.0144927536232,0.0144927536232,0.0434782608696,0.0144927536232,0.0144927536232,0.130434782609,0.0144927536232,0.0724637681159,0.0289855072464,0.0434782608696,0.0579710144928,0.0144927536232,0.0579710144928,0.0434782608696,0.0724637681159,0.0869565217391,0.0724637681159,0.101449275362,0.144927536232,0.0724637681159,0.115942028986,0.0724637681159,0.0,0.0,0.0,0.0,0.0,0.0,0.0869565217391,0.115942028986,0.115942028986,0.101449275362,0.115942028986,0.0869565217391,0.0869565217391,0.0869565217391,0.0579710144928,0.0434782608696,0.0434782608696,0.0579710144928,0.0579710144928,0.0289855072464,0.0434782608696,0.0579710144928,0.0434782608696,0.0579710144928,0.0289855072464,0.0434782608696,0.0434782608696,0.0434782608696,0.0579710144928,0.101449275362,0.0434782608696,0.0434782608696
Pm,0.135135135135,0.135135135135,0.108108108108,0.27027027027,0.108108108108,0.432432432432,0.135135135135,0.108108108108,0.108108108108,0.108108108108,0.108108108108,0.324324324324,0.108108108108,0.108108108108,0.540540540541,0.108108108108,0.378378378378,0.162162162162,0.324324324324,0.324324324324,0.189189189189,0.378378378378,0.324324324324,0.351351351351,0.27027027027,0.243243243243,0.405405405405,0.486486486486,0.243243243243,0.459459459459,0.243243243243,0.0,0.432432432432,0.0,0.405405405405,0.405405405405,0.405405405405,0.513513513514,0.540540540541,0.540540540541,0.540540540541,0.540540540541,0.513513513514,0.378378378378,0.378378378378,0.297297297297,0.297297297297,0.27027027027,0.297297297297,0.351351351351,0.27027027027,0.297297297297,0.27027027027,0.27027027027,0.351351351351,0.243243243243,0.297297297297,0.27027027027,0.27027027027,0.297297297297,0.540540540541,0.297297297297,0.297297297297
Pm,0.116666666667,0.0666666666667,0.116666666667,0.183333333333,0.116666666667,0.183333333333,0.116666666667,0.116666666667,0.116666666667,0.116666666667,0.116666666667,0.2,0.116666666667,0.0666666666667,0.283333333333,0.116666666667,0.2,0.0833333333333,0.2,0.2,0.1,0.183333333333,0.2,0.1,0.133333333333,0.116666666667,0.133333333333,0.266666666667,0.116666666667,0.233333333333,0.133333333333,0.2,0.216666666667,0.2,0.0,0.0,0.0,0.25,0.283333333333,0.283333333333,0.266666666667,0.266666666667,0.25,0.116666666667,0.183333333333,0.166666666667,0.183333333333,0.166666666667,0.183333333333,0.0833333333333,0.166666666667,0.183333333333,0.15,0.166666666667,0.1,0.166666666667,0.183333333333,0.183333333333,0.183333333333,0.183333333333,0.266666666667,0.183333333333,0.183333333333
Pm,0.116666666667,0.0666666666667,0.116666666667,0.183333333333,0.116666666667,0.183333333333,0.116666666667,0.116666666667,0.116666666667,0.116666666667,0.116666666667,0.2,0.116666666667,0.0666666666667,0.283333333333,0.116666666667,0.2,0.0833333333333,0.2,0.2,0.1,0.183333333333,0.2,0.1,0.133333333333,0.116666666667,0.133333333333,0.266666666667,0.116666666667,0.233333333333,0.133333333333,0.2,0.216666666667,0.2,0.0,0.0,0.0,0.25,0.283333333333,0.283333333333,0.266666666667,0.266666666667,0.25,0.116666666667,0.183333333333,0.166666666667,0.183333333333,0.166666666667,0.183333333333,0.0833333333333,0.166666666667,0.183333333333,0.15,0.166666666667,0.1,0.166666666667,0.183333333333,0.183333333333,0.183333333333,0.183333333333,0.266666666667,0.183333333333,0.183333333333
Pm,0.116666666667,0.0666666666667,0.116666666667,0.183333333333,0.116666666667,0.183333333333,0.116666666667,0.116666666667,0.116666666667,0.116666666667,0.116666666667,0.2,0.116666666667,0.0666666666667,0.283333333333,0.116666666667,0.2,0.0833333333333,0.2,0.2,0.1,0.183333333333,0.2,0.1,0.133333333333,0.116666666667,0.133333333333,0.266666666667,0.116666666667,0.233333333333,0.133333333333,0.2,0.216666666667,0.2,0.0,0.0,0.0,0.25,0.283333333333,0.283333333333,0.266666666667,0.266666666667,0.25,0.116666666667,0.183333333333,0.166666666667,0.183333333333,0.166666666667,0.183333333333,0.0833333333333,0.166666666667,0.183333333333,0.15,0.166666666667,0.1,0.166666666667,0.183333333333,0.183333333333,0.183333333333,0.183333333333,0.266666666667,0.183333333333,0.183333333333
Ps,0.155844155844,0.12987012987,0.155844155844,0.220779220779,0.155844155844,0.207792207792,0.155844155844,0.155844155844,0.155844155844,0.155844155844,0.155844155844,0.220779220779,0.155844155844,0.0779220779221,0.350649350649,0.155844155844,0.233766233766,0.116883116883,0.233766233766,0.220779220779,0.168831168831,0.246753246753,0.233766233766,0.025974025974,0.233766233766,0.220779220779,0.0,0.285714285714,0.220779220779,0.246753246753,0.220779220779,0.181818181818,0.298701298701,0.181818181818,0.207792207792,0.207792207792,0.207792207792,0.298701298701,0.350649350649,0.350649350649,0.337662337662,0.324675324675,0.285714285714,0.194805194805,0.246753246753,0.194805194805,0.220779220779,0.207792207792,0.220779220779,0.207792207792,0.207792207792,0.220779220779,0.207792207792,0.207792207792,0.220779220779,0.220779220779,0.220779220779,0.220779220779,0.220779220779,0.233766233766,0.324675324675,0.220779220779,0.220779220779
Ps,0.0945945945946,0.108108108108,0.0945945945946,0.175675675676,0.0945945945946,0.162162162162,0.0945945945946,0.0945945945946,0.0945945945946,0.0945945945946,0.0945945945946,0.162162162162,0.0945945945946,0.0675675675676,0.310810810811,0.0945945945946,0.202702702703,0.135135135135,0.189189189189,0.202702702703,0.0945945945946,0.216216216216,0.189189189189,0.0,0.175675675676,0.162162162162,0.0540540540541,0.22972972973,0.162162162162,0.189189189189,0.162162162162,0.148648648649,0.243243243243,0.148648648649,0.148648648649,0.148648648649,0.148648648649,0.256756756757,0.310810810811,0.310810810811,0.297297297297,0.283783783784,0.243243243243,0.148648648649,0.22972972973,0.121621621622,0.175675675676,0.162162162162,0.175675675676,0.162162162162,0.162162162162,0.175675675676,0.135135135135,0.162162162162,0.175675675676,0.175675675676,0.175675675676,0.175675675676,0.175675675676,0.189189189189,0.283783783784,0.175675675676,0.175675675676
Ps,0.0779220779221,0.038961038961,0.0779220779221,0.12987012987,0.0779220779221,0.12987012987,0.0779220779221,0.0779220779221,0.0779220779221,0.0779220779221,0.0779220779221,0.0909090909091,0.0779220779221,0.025974025974,0.194805194805,0.0779220779221,0.142857142857,0.0909090909091,0.12987012987,0.12987012987,0.0519480519481,0.12987012987,0.12987012987,0.116883116883,0.025974025974,0.0,0.155844155844,0.220779220779,0.0,0.181818181818,0.012987012987,0.0649350649351,0.181818181818,0.0649350649351,0.116883116883,0.116883116883,0.116883116883,0.168831168831,0.194805194805,0.194805194805,0.168831168831,0.207792207792,0.168831168831,0.155844155844,0.155844155844,0.12987012987,0.12987012987,0.103896103896,0.12987012987,0.0909090909091,0.103896103896,0.12987012987,0.142857142857,0.103896103896,0.0909090909091,0.103896103896,0.12987012987,0.12987012987,0.12987012987,0.12987012987,0.181818181818,0.12987012987,0.12987012987
Ps,0.0217391304348,0.0108695652174,0.0217391304348,0.054347826087,0.0217391304348,0.0434782608696,0.0217391304348,0.0217391304348,0.0217391304348,0.0217391304348,0.0217391304348,0.0434782608696,0.0217391304348,0.0108695652174,0.119565217391,0.0217391304348,0.054347826087,0.0108695652174,0.054347826087,0.0326086956522,0.0326086956522,0.054347826087,0.054347826087,0.0,0.0108695652174,0.0,0.0,0.0326086956522,0.0,0.0,0.0,0.0326086956522,0.0869565217391,0.0326086956522,0.054347826087,0.054347826087,0.054347826087,0.0760869565217,0.130434782609,0.130434782609,0.119565217391,0.108695652174,0.0760869565217,0.0652173913043,0.0978260869565,0.0326086956522,0.054347826087,0.0434782608696,0.054347826087,0.0652173913043,0.0434782608696,0.054347826087,0.0434782608696,0.0434782608696,0.0652173913043,0.0434782608696,0.054347826087,0.054347826087,0.054347826087,0.054347826087,0.108695652174,0.054347826087,0.054347826087
Ps,0.08,0.04,0.08,0.12,0.08,0.133333333333,0.08,0.08,0.08,0.08,0.08,0.0933333333333,0.08,0.0266666666667,0.186666666667,0.08,0.146666666667,0.0933333333333,0.133333333333,0.133333333333,0.0533333333333,0.133333333333,0.133333333333,0.106666666667,0.0133333333333,0.0,0.146666666667,0.213333333333,0.0,0.173333333333,0.0,0.0533333333333,0.173333333333,0.0533333333333,0.12,0.12,0.12,0.16,0.186666666667,0.186666666667,0.16,0.2,0.16,0.146666666667,0.146666666667,0.12,0.12,0.0933333333333,0.12,0.0933333333333,0.0933333333333,0.12,0.133333333333,0.0933333333333,0.0933333333333,0.0933333333333,0.12,0.12,0.12,0.12,0.173333333333,0.12,0.12
Ps,0.0789473684211,0.0394736842105,0.0789473684211,0.131578947368,0.0789473684211,0.131578947368,0.0789473684211,0.0789473684211,0.0789473684211,0.0789473684211,0.0789473684211,0.0921052631579,0.0789473684211,0.0263157894737,0.197368421053,0.0789473684211,0.144736842105,0.0921052631579,0.131578947368,0.131578947368,0.0526315789474,0.131578947368,0.131578947368,0.118421052632,0.0263157894737,0.0,0.157894736842,0.223684210526,0.0,0.184210526316,0.0131578947368,0.0657894736842,0.184210526316,0.0657894736842,0.118421052632,0.118421052632,0.118421052632,0.171052631579,0.197368421053,0.197368421053,0.171052631579,0.210526315789,0.171052631579,0.157894736842,0.157894736842,0.131578947368,0.131578947368,0.105263157895,0.131578947368,0.0921052631579,0.105263157895,0.131578947368,0.144736842105,0.105263157895,0.0921052631579,0.105263157895,0.131578947368,0.131578947368,0.131578947368,0.131578947368,0.184210526316,0.131578947368,0.131578947368
Ps,0.0759493670886,0.0379746835443,0.0759493670886,0.126582278481,0.0759493670886,0.126582278481,0.0759493670886,0.0759493670886,0.0759493670886,0.0759493670886,0.0759493670886,0.0886075949367,0.0759493670886,0.0253164556962,0.189873417722,0.0759493670886,0.139240506329,0.0886075949367,0.139240506329,0.126582278481,0.0506329113924,0.139240506329,0.139240506329,0.101265822785,0.0,0.0,0.151898734177,0.20253164557,0.0,0.177215189873,0.0,0.0506329113924,0.177215189873,0.0506329113924,0.126582278481,0.126582278481,0.126582278481,0.164556962025,0.189873417722,0.189873417722,0.164556962025,0.20253164557,0.164556962025,0.139240506329,0.139240506329,0.126582278481,0.126582278481,0.101265822785,0.126582278481,0.0886075949367,0.101265822785,0.126582278481,0.139240506329,0.101265822785,0.0886075949367,0.101265822785,0.126582278481,0.126582278481,0.126582278481,0.126582278481,0.177215189873,0.126582278481,0.126582278481
Ps,0.0103092783505,0.0103092783505,0.0103092783505,0.0309278350515,0.0103092783505,0.0515463917526,0.0103092783505,0.0103092783505,0.0103092783505,0.0103092783505,0.0103092783505,0.0309278350515,0.0103092783505,0.0103092783505,0.0824742268041,0.0103092783505,0.0412371134021,0.0103092783505,0.0412371134021,0.020618556701,0.020618556701,0.0412371134021,0.0412371134021,0.0,0.0103092783505,0.0103092783505,0.0,0.0,0.0103092783505,0.0103092783505,0.0103092783505,0.0309278350515,0.0618556701031,0.0309278350515,0.0412371134021,0.0412371134021,0.0412371134021,0.0618556701031,0.103092783505,0.103092783505,0.103092783505,0.0824742268041,0.0515463917526,0.0515463917526,0.0824742268041,0.0103092783505,0.0309278350515,0.0412371134021,0.0309278350515,0.0618556701031,0.0309278350515,0.0309278350515,0.020618556701,0.0309278350515,0.0618556701031,0.0309278350515,0.0309278350515,0.0309278350515,0.0309278350515,0.0309278350515,0.0927835051546,0.0309278350515,0.0309278350515
St,0.0731707317073,0.170731707317,0.0731707317073,0.317073170732,0.0731707317073,0.243902439024,0.0731707317073,0.0731707317073,0.0731707317073,0.0731707317073,0.0731707317073,0.19512195122,0.0731707317073,0.0975609756098,0.439024390244,0.0731707317073,0.170731707317,0.146341463415,0.170731707317,0.170731707317,0.0,0.19512195122,0.170731707317,0.268292682927,0.292682926829,0.268292682927,0.341463414634,0.365853658537,0.268292682927,0.365853658537,0.268292682927,0.170731707317,0.365853658537,0.170731707317,0.219512195122,0.219512195122,0.219512195122,0.390243902439,0.439024390244,0.439024390244,0.439024390244,0.439024390244,0.341463414634,0.19512195122,0.365853658537,0.219512195122,0.341463414634,0.317073170732,0.341463414634,0.268292682927,0.317073170732,0.341463414634,0.268292682927,0.317073170732,0.268292682927,0.317073170732,0.341463414634,0.317073170732,0.317073170732,0.341463414634,0.439024390244,0.341463414634,0.341463414634
St,0.0454545454545,0.0151515151515,0.030303030303,0.19696969697,0.030303030303,0.106060606061,0.0454545454545,0.030303030303,0.030303030303,0.030303030303,0.030303030303,0.0757575757576,0.030303030303,0.030303030303,0.318181818182,0.030303030303,0.0454545454545,0.0,0.030303030303,0.030303030303,0.0151515151515,0.0,0.030303030303,0.181818181818,0.151515151515,0.121212121212,0.166666666667,0.287878787879,0.121212121212,0.242424242424,0.136363636364,0.0909090909091,0.212121212121,0.0909090909091,0.0757575757576,0.0757575757576,0.0757575757576,0.257575757576,0.318181818182,0.30303030303,0.30303030303,0.287878787879,0.242424242424,0.136363636364,0.181818181818,0.166666666667,0.19696969697,0.212121212121,0.212121212121,0.121212121212,0.19696969697,0.19696969697,0.151515151515,0.212121212121,0.136363636364,0.19696969697,0.19696969697,0.19696969697,0.19696969697,0.212121212121,0.287878787879,0.19696969697,0.19696969697
St,0.0333333333333,0.05,0.0333333333333,0.233333333333,0.0333333333333,0.133333333333,0.0333333333333,0.0333333333333,0.0333333333333,0.0333333333333,0.0333333333333,0.1,0.0333333333333,0.05,0.366666666667,0.0333333333333,0.0,0.0,0.0,0.0,0.0,0.05,0.0,0.2,0.216666666667,0.183333333333,0.183333333333,0.316666666667,0.183333333333,0.283333333333,0.2,0.0833333333333,0.25,0.0833333333333,0.15,0.15,0.15,0.3,0.383333333333,0.366666666667,0.366666666667,0.333333333333,0.3,0.183333333333,0.233333333333,0.2,0.25,0.25,0.25,0.183333333333,0.233333333333,0.25,0.216666666667,0.233333333333,0.2,0.233333333333,0.25,0.233333333333,0.233333333333,0.25,0.35,0.25,0.25
St,0.232558139535,0.139534883721,0.209302325581,0.279069767442,0.209302325581,0.348837209302,0.232558139535,0.209302325581,0.209302325581,0.209302325581,0.209302325581,0.279069767442,0.209302325581,0.139534883721,0.511627906977,0.209302325581,0.325581395349,0.0,0.302325581395,0.279069767442,0.255813953488,0.302325581395,0.302325581395,0.325581395349,0.372093023256,0.348837209302,0.302325581395,0.511627906977,0.348837209302,0.511627906977,0.372093023256,0.139534883721,0.418604651163,0.139534883721,0.348837209302,0.348837209302,0.348837209302,0.46511627907,0.558139534884,0.558139534884,0.558139534884,0.511627906977,0.488372093023,0.302325581395,0.302325581395,0.279069767442,0.279069767442,0.302325581395,0.279069767442,0.325581395349,0.279069767442,0.279069767442,0.255813953488,0.279069767442,0.325581395349,0.325581395349,0.279069767442,0.279069767442,0.279069767442,0.302325581395,0.511627906977,0.279069767442,0.279069767442
St,0.0491803278689,0.0327868852459,0.0327868852459,0.245901639344,0.0327868852459,0.114754098361,0.0491803278689,0.0327868852459,0.0327868852459,0.0327868852459,0.0327868852459,0.0983606557377,0.0327868852459,0.016393442623,0.377049180328,0.0327868852459,0.016393442623,0.0,0.0,0.0,0.0,0.0491803278689,0.0,0.196721311475,0.213114754098,0.180327868852,0.180327868852,0.311475409836,0.180327868852,0.27868852459,0.196721311475,0.0819672131148,0.245901639344,0.0819672131148,0.114754098361,0.114754098361,0.114754098361,0.295081967213,0.377049180328,0.360655737705,0.360655737705,0.344262295082,0.295081967213,0.16393442623,0.229508196721,0.229508196721,0.262295081967,0.262295081967,0.27868852459,0.147540983607,0.245901639344,0.262295081967,0.229508196721,0.262295081967,0.16393442623,0.245901639344,0.262295081967,0.245901639344,0.245901639344,0.27868852459,0.344262295082,0.262295081967,0.262295081967
St,0.0491803278689,0.0327868852459,0.0327868852459,0.245901639344,0.0327868852459,0.114754098361,0.0491803278689,0.0327868852459,0.0327868852459,0.0327868852459,0.0327868852459,0.0983606557377,0.0327868852459,0.016393442623,0.377049180328,0.0327868852459,0.016393442623,0.0,0.0,0.0,0.0,0.0491803278689,0.0,0.196721311475,0.213114754098,0.180327868852,0.180327868852,0.311475409836,0.180327868852,0.27868852459,0.196721311475,0.0819672131148,0.245901639344,0.0819672131148,0.114754098361,0.114754098361,0.114754098361,0.295081967213,0.377049180328,0.360655737705,0.360655737705,0.344262295082,0.295081967213,0.16393442623,0.229508196721,0.229508196721,0.262295081967,0.262295081967,0.27868852459,0.147540983607,0.245901639344,0.262295081967,0.229508196721,0.262295081967,0.16393442623,0.245901639344,0.262295081967,0.245901639344,0.245901639344,0.27868852459,0.344262295082,0.262295081967,0.262295081967
St,0.0526315789474,0.0526315789474,0.0350877192982,0.263157894737,0.0350877192982,0.157894736842,0.0526315789474,0.0350877192982,0.0350877192982,0.0350877192982,0.0350877192982,0.105263157895,0.0350877192982,0.0526315789474,0.385964912281,0.0350877192982,0.0175438596491,0.0,0.0,0.0,0.0,0.0526315789474,0.0,0.228070175439,0.245614035088,0.210526315789,0.210526315789,0.315789473684,0.210526315789,0.315789473684,0.228070175439,0.0877192982456,0.263157894737,0.0877192982456,0.157894736842,0.157894736842,0.157894736842,0.333333333333,0.421052631579,0.421052631579,0.421052631579,0.385964912281,0.315789473684,0.210526315789,0.263157894737,0.245614035088,0.280701754386,0.298245614035,0.298245614035,0.210526315789,0.263157894737,0.280701754386,0.245614035088,0.280701754386,0.210526315789,0.263157894737,0.280701754386,0.263157894737,0.263157894737,0.298245614035,0.385964912281,0.280701754386,0.280701754386
Ent,0.0,0.0,0.0,0.25,0.0,0.225,0.0,0.0,0.0,0.0,0.0,0.25,0.0,0.0,0.475,0.0,0.2,0.0,0.2,0.175,0.1,0.175,0.2,0.15,0.2,0.15,0.2,0.35,0.15,0.275,0.15,0.075,0.375,0.075,0.25,0.25,0.25,0.425,0.5,0.475,0.475,0.45,0.475,0.3,0.325,0.225,0.25,0.25,0.25,0.25,0.25,0.25,0.2,0.25,0.275,0.175,0.25,0.25,0.25,0.275,0.475,0.25,0.25
Ent,0.0833333333333,0.05,0.0833333333333,0.0,0.0833333333333,0.216666666667,0.0833333333333,0.0833333333333,0.0833333333333,0.0833333333333,0.0833333333333,0.166666666667,0.0833333333333,0.05,0.283333333333,0.0833333333333,0.233333333333,0.0833333333333,0.233333333333,0.216666666667,0.116666666667,0.25,0.233333333333,0.166666666667,0.233333333333,0.233333333333,0.2,0.333333333333,0.233333333333,0.333333333333,0.233333333333,0.0833333333333,0.266666666667,0.0833333333333,0.216666666667,0.216666666667,0.216666666667,0.3,0.316666666667,0.316666666667,0.316666666667,0.3,0.3,0.1,0.15,0.0333333333333,0.0333333333333,0.0333333333333,0.05,0.266666666667,0.0,0.0166666666667,0.0833333333333,0.0166666666667,0.283333333333,0.0333333333333,0.0166666666667,0.0,0.0,0.05,0.3,0.0333333333333,0.0166666666667
Ent,0.0,0.0,0.0,0.225,0.025,0.175,0.0,0.025,0.0,0.0,0.0,0.2,0.0,0.0,0.45,0.0,0.175,0.0,0.175,0.15,0.125,0.15,0.175,0.1,0.175,0.125,0.15,0.325,0.125,0.25,0.125,0.1,0.35,0.1,0.225,0.225,0.225,0.4,0.475,0.45,0.45,0.425,0.45,0.275,0.3,0.2,0.225,0.225,0.225,0.275,0.225,0.225,0.225,0.225,0.3,0.2,0.225,0.225,0.225,0.25,0.45,0.225,0.225
Ent,0.0,0.0,0.0,0.230769230769,0.025641025641,0.179487179487,0.0,0.025641025641,0.0,0.0,0.0,0.205128205128,0.0,0.0,0.461538461538,0.0,0.179487179487,0.0,0.179487179487,0.153846153846,0.128205128205,0.153846153846,0.179487179487,0.102564102564,0.179487179487,0.128205128205,0.153846153846,0.333333333333,0.128205128205,0.25641025641,0.128205128205,0.102564102564,0.358974358974,0.102564102564,0.230769230769,0.230769230769,0.230769230769,0.410256410256,0.487179487179,0.461538461538,0.461538461538,0.435897435897,0.461538461538,0.282051282051,0.307692307692,0.205128205128,0.230769230769,0.230769230769,0.230769230769,0.282051282051,0.230769230769,0.230769230769,0.230769230769,0.230769230769,0.307692307692,0.205128205128,0.230769230769,0.230769230769,0.230769230769,0.25641025641,0.461538461538,0.230769230769,0.230769230769
Ent,0.04,0.04,0.04,0.36,0.08,0.24,0.04,0.08,0.04,0.04,0.04,0.28,0.04,0.0,0.48,0.04,0.24,0.04,0.24,0.2,0.16,0.2,0.24,0.12,0.2,0.2,0.16,0.32,0.2,0.28,0.2,0.28,0.44,0.28,0.24,0.24,0.24,0.48,0.48,0.48,0.48,0.48,0.4,0.24,0.4,0.24,0.36,0.36,0.36,0.28,0.36,0.36,0.28,0.36,0.28,0.36,0.36,0.36,0.36,0.36,0.48,0.36,0.36
Ent,0.0,0.0,0.0,0.152542372881,0.0169491525424,0.0,0.0,0.0169491525424,0.0,0.0,0.0,0.0508474576271,0.0,0.0,0.254237288136,0.0,0.0677966101695,0.0169491525424,0.0677966101695,0.0677966101695,0.0508474576271,0.0508474576271,0.0677966101695,0.0847457627119,0.135593220339,0.0847457627119,0.101694915254,0.203389830508,0.0847457627119,0.169491525424,0.101694915254,0.101694915254,0.203389830508,0.101694915254,0.0847457627119,0.0847457627119,0.0847457627119,0.203389830508,0.28813559322,0.271186440678,0.271186440678,0.254237288136,0.220338983051,0.118644067797,0.169491525424,0.101694915254,0.152542372881,0.169491525424,0.152542372881,0.101694915254,0.152542372881,0.152542372881,0.101694915254,0.152542372881,0.118644067797,0.152542372881,0.152542372881,0.152542372881,0.152542372881,0.169491525424,0.254237288136,0.152542372881,0.152542372881
Ent,0.103448275862,0.0,0.103448275862,0.379310344828,0.137931034483,0.275862068966,0.103448275862,0.137931034483,0.103448275862,0.103448275862,0.103448275862,0.310344827586,0.103448275862,0.0344827586207,0.620689655172,0.103448275862,0.344827586207,0.137931034483,0.344827586207,0.310344827586,0.206896551724,0.310344827586,0.344827586207,0.137931034483,0.206896551724,0.206896551724,0.206896551724,0.379310344828,0.206896551724,0.344827586207,0.206896551724,0.310344827586,0.551724137931,0.310344827586,0.344827586207,0.344827586207,0.344827586207,0.586206896552,0.655172413793,0.655172413793,0.655172413793,0.586206896552,0.551724137931,0.310344827586,0.448275862069,0.275862068966,0.379310344828,0.413793103448,0.379310344828,0.344827586207,0.379310344828,0.379310344828,0.275862068966,0.379310344828,0.379310344828,0.379310344828,0.379310344828,0.379310344828,0.379310344828,0.413793103448,0.620689655172,0.379310344828,0.379310344828
Ent,0.0,0.0,0.0,0.230769230769,0.025641025641,0.179487179487,0.0,0.025641025641,0.0,0.0,0.0,0.205128205128,0.0,0.0,0.461538461538,0.0,0.179487179487,0.0,0.179487179487,0.153846153846,0.128205128205,0.153846153846,0.179487179487,0.102564102564,0.179487179487,0.128205128205,0.153846153846,0.333333333333,0.128205128205,0.25641025641,0.128205128205,0.102564102564,0.358974358974,0.102564102564,0.230769230769,0.230769230769,0.230769230769,0.410256410256,0.487179487179,0.461538461538,0.461538461538,0.435897435897,0.461538461538,0.282051282051,0.307692307692,0.205128205128,0.230769230769,0.230769230769,0.230769230769,0.282051282051,0.230769230769,0.230769230769,0.230769230769,0.230769230769,0.307692307692,0.205128205128,0.230769230769,0.230769230769,0.230769230769,0.25641025641,0.461538461538,0.230769230769,0.230769230769
Ent,0.0444444444444,0.0222222222222,0.0222222222222,0.222222222222,0.0444444444444,0.0888888888889,0.0444444444444,0.0444444444444,0.0222222222222,0.0222222222222,0.0222222222222,0.0,0.0222222222222,0.0222222222222,0.333333333333,0.0222222222222,0.155555555556,0.0,0.133333333333,0.111111111111,0.133333333333,0.111111111111,0.133333333333,0.0888888888889,0.155555555556,0.111111111111,0.111111111111,0.266666666667,0.111111111111,0.2,0.111111111111,0.111111111111,0.244444444444,0.111111111111,0.0888888888889,0.0888888888889,0.0888888888889,0.311111111111,0.355555555556,0.333333333333,0.333333333333,0.311111111111,0.266666666667,0.155555555556,0.222222222222,0.177777777778,0.222222222222,0.244444444444,0.244444444444,0.133333333333,0.222222222222,0.222222222222,0.133333333333,0.244444444444,0.177777777778,0.222222222222,0.222222222222,0.222222222222,0.222222222222,0.266666666667,0.333333333333,0.222222222222,0.222222222222
Ent,0.0,0.0,0.0,0.230769230769,0.025641025641,0.179487179487,0.0,0.025641025641,0.0,0.0,0.0,0.205128205128,0.0,0.0,0.461538461538,0.0,0.179487179487,0.0,0.179487179487,0.153846153846,0.128205128205,0.153846153846,0.179487179487,0.102564102564,0.179487179487,0.128205128205,0.153846153846,0.333333333333,0.128205128205,0.25641025641,0.128205128205,0.102564102564,0.358974358974,0.102564102564,0.230769230769,0.230769230769,0.230769230769,0.410256410256,0.487179487179,0.461538461538,0.461538461538,0.435897435897,0.461538461538,0.282051282051,0.307692307692,0.205128205128,0.230769230769,0.230769230769,0.230769230769,0.282051282051,0.230769230769,0.230769230769,0.230769230769,0.230769230769,0.307692307692,0.205128205128,0.230769230769,0.230769230769,0.230769230769,0.25641025641,0.461538461538,0.230769230769,0.230769230769
Ent,0.0,0.0,0.0,0.230769230769,0.025641025641,0.179487179487,0.0,0.025641025641,0.0,0.0,0.0,0.205128205128,0.0,0.0,0.461538461538,0.0,0.179487179487,0.0,0.179487179487,0.153846153846,0.128205128205,0.153846153846,0.179487179487,0.102564102564,0.179487179487,0.128205128205,0.153846153846,0.333333333333,0.128205128205,0.25641025641,0.128205128205,0.102564102564,0.358974358974,0.102564102564,0.230769230769,0.230769230769,0.230769230769,0.410256410256,0.487179487179,0.461538461538,0.461538461538,0.435897435897,0.461538461538,0.282051282051,0.307692307692,0.205128205128,0.230769230769,0.230769230769,0.230769230769,0.282051282051,0.230769230769,0.230769230769,0.230769230769,0.230769230769,0.307692307692,0.205128205128,0.230769230769,0.230769230769,0.230769230769,0.25641025641,0.461538461538,0.230769230769,0.230769230769
Ent,0.0,0.0243902439024,0.0,0.219512195122,0.0243902439024,0.19512195122,0.0,0.0243902439024,0.0,0.0,0.0,0.219512195122,0.0,0.0,0.463414634146,0.0,0.170731707317,0.0,0.170731707317,0.146341463415,0.121951219512,0.170731707317,0.170731707317,0.121951219512,0.19512195122,0.146341463415,0.170731707317,0.341463414634,0.146341463415,0.268292682927,0.146341463415,0.0975609756098,0.365853658537,0.0975609756098,0.243902439024,0.243902439024,0.243902439024,0.414634146341,0.487804878049,0.463414634146,0.463414634146,0.439024390244,0.463414634146,0.268292682927,0.317073170732,0.219512195122,0.243902439024,0.219512195122,0.243902439024,0.292682926829,0.219512195122,0.243902439024,0.243902439024,0.219512195122,0.317073170732,0.19512195122,0.243902439024,0.219512195122,0.219512195122,0.268292682927,0.463414634146,0.243902439024,0.243902439024
Ent,0.0,0.0,0.0,0.225,0.025,0.175,0.0,0.025,0.0,0.0,0.0,0.2,0.0,0.0,0.45,0.0,0.175,0.0,0.175,0.15,0.125,0.15,0.175,0.1,0.175,0.125,0.15,0.325,0.125,0.25,0.125,0.1,0.35,0.1,0.225,0.225,0.225,0.4,0.475,0.45,0.45,0.425,0.45,0.275,0.3,0.2,0.225,0.225,0.225,0.275,0.225,0.225,0.225,0.225,0.3,0.2,0.225,0.225,0.225,0.25,0.45,0.225,0.225
Ent,0.0,0.0,0.0,0.243902439024,0.0,0.219512195122,0.0,0.0,0.0,0.0,0.0,0.243902439024,0.0,0.0,0.463414634146,0.0,0.19512195122,0.0,0.19512195122,0.170731707317,0.0975609756098,0.170731707317,0.19512195122,0.146341463415,0.19512195122,0.146341463415,0.19512195122,0.341463414634,0.146341463415,0.268292682927,0.146341463415,0.0731707317073,0.365853658537,0.0731707317073,0.243902439024,0.243902439024,0.243902439024,0.414634146341,0.487804878049,0.463414634146,0.463414634146,0.439024390244,0.463414634146,0.292682926829,0.317073170732,0.219512195122,0.243902439024,0.243902439024,0.243902439024,0.243902439024,0.243902439024,0.243902439024,0.19512195122,0.243902439024,0.268292682927,0.170731707317,0.243902439024,0.243902439024,0.243902439024,0.268292682927,0.463414634146,0.243902439024,0.243902439024
Ent,0.0108695652174,0.0,0.0108695652174,0.0,0.0108695652174,0.0108695652174,0.0108695652174,0.0108695652174,0.0108695652174,0.0108695652174,0.0108695652174,0.0,0.0108695652174,0.0,0.0,0.0108695652174,0.054347826087,0.0326086956522,0.0434782608696,0.0434782608696,0.0108695652174,0.0434782608696,0.0434782608696,0.054347826087,0.0652173913043,0.0652173913043,0.0652173913043,0.0869565217391,0.0652173913043,0.108695652174,0.0652173913043,0.0108695652174,0.0326086956522,0.0108695652174,0.0217391304348,0.0217391304348,0.0217391304348,0.0108695652174,0.0108695652174,0.0108695652174,0.0108695652174,0.0434782608696,0.0108695652174,0.0,0.0108695652174,0.0,0.0,0.0,0.0,0.0108695652174,0.0,0.0,0.0108695652174,0.0,0.0108695652174,0.0,0.0,0.0,0.0,0.0,0.0108695652174,0.0,0.0
Ent,0.0,0.0,0.0,0.225,0.025,0.175,0.0,0.025,0.0,0.0,0.0,0.2,0.0,0.0,0.45,0.0,0.175,0.0,0.175,0.15,0.125,0.15,0.175,0.1,0.175,0.125,0.15,0.325,0.125,0.25,0.125,0.1,0.35,0.1,0.225,0.225,0.225,0.4,0.475,0.45,0.45,0.425,0.45,0.275,0.3,0.2,0.225,0.225,0.225,0.275,0.225,0.225,0.225,0.225,0.3,0.2,0.225,0.225,0.225,0.25,0.45,0.225,0.225
